track_id,release
7kwZZnQITF9qP8PiWSCnoa,2022-06-01
7kxM3UJwN6rHAW5kwdlAHK,2000-10-24
7kxfWvj6u9oWQ5C36kMtGb,2007-01-01
7kxxMPf45DIxKYNBBg1OYL,2009-03-17
7kyBJIuIfZc1XOD3gzEdge,2022-09-09
7kyLk7B5M3lGfVxoBeBOgQ,2021-03-27
7kyUapJyppdjzoAWB6XS14,2017-02-13
7kyVuvhuhOGsMEAA6zr24M,2020-07-17
7kyiBfD6aY6qsfLd0Hja3w,2022-09-16
7kyiHjkFdmHcYcIJtFAdaF,2017-05-12
7kyiQ2oxgT0XX8yhzBWE6t,2019-03-08
7kzKAuUzOITUauHAhoMoxA,2001-07-30
7kzz52nsw2wy0LPQ84ynHE,2018-07-11
7l04WFDhxrgYoiUgiaTL1r,2021-03-17
7l06ahlZ3GuRjvNQcgOZXw,1995-10-25
7l0Lr7Tl4Gt8hQj4v3rwtf,2011-07-26
7l0RDBx1upgIHwwMSRunGE,2022-10-10
7l254IQfgqbsCd10tH61V3,1987-05-04
7l3WTEY9owUL3kRgna75Bd,2022-08-02
7l4KRMSrdLkC3M25I7HpoR,2022-03-04
7l4V9AhS3680fw04BBE7f5,2021-07-02
7l5B1ilLEOxqp9V2LZyKIg,2020-01-24
7l5GAw0cglUUnN7bKAz5ab,2021-10-27
7l5h0syV2VXj6hwkgIxto4,2018-02-17
7l5oLlzcmk7iFgoBKWh6Ew,2012-01-01
7l6N2T3KMbBLGCeG0YpooM,2020-08-03
7l6glc1SRrt6BAncgDPrPu,2010-12-03
7l6igJJb9awQAug49zMRM2,2022-10-14
7l7jGqZ6tLyCpDURjWJCdS,2022-10-21
7l7zkGiNcUP4WL6TdEksQ6,1993
7l8hlguv0h6NVY8wM9cg2L,2019-08-23
7l8mFTAzCM0dFiWIPNbzfr,2021-05-21
7l9HIihZ6ktmmYUCRv5fr8,2011-12-05
7l9cCg3EBqVfBikbc21Kb0,2022-10-21
7lAADZLmAEX1bwqH05dWUT,2018-11-16
7lAFoKaB2GyOlPXPVfMbf7,2020-02-17
7lAK3oHbfEnvUQWosrMMpR,2018-08-03
7lAruwEkie4qgyt0LNvUtL,1995
7lB0MLvvsfrY6cN6kt4aKC,2005-04-11
7lB4rxNVc7vm33ZSZXVRAQ,2016-04-25
7lBAKSeXGXmMEhLiz0qw9M,2017-09-08
7lBFGIrf4ti3eylvgR4s4R,2022-10-14
7lBMYdsIxaZj1M6rCz78JT,2012-01-01
7lBfKm3goZ960w7xT96qCU,2022-06-13
7lCCCIPQW4MNdTaKFTWhny,2011-03-09
7lCc29rXmulE7MSpOiQcil,2020-01-24
7lCdoKEyeSsRSvdiVDBHNn,2020-05-01
7lCu7IgWLKeHBGcTR4HfgX,2019-06-14
7lDOFAKyxVXTPSNVt8fhYH,1993-01-01
7lE7ieF32OlXel0vwPclW9,2012-06-25
7lEB9zJVSZjohbGGfiFsc6,2000-01-01
7lETPfg95IKnZrQRhH4R4U,2004-12-10
7lEnfIhYk5DC4O1tsoBge2,2019-11-30
7lFgli7y2vo7sjgynHZzBP,2006-11-02
7lFzS8uBjpXckGjQQcpJrW,2016-06-29
7lG67mcXgaAqXh1reT6oqe,2010-02-08
7lGKEWMXVWWTt3X71Bv44I,2015-06-30
7lGhrfren1Zpwh0ds0zuUg,0000
7lHu3fWx7itEyaLIegpcQp,2022-06-22
7lI4Fggd8KZuE76MJlA54P,2005-10-07
7lISY14A9I1w3m7to2kWv1,2021-08-27
7lIXhNqUrf0GHCXNbGOEB4,2022-10-07
7lIvg01DpMhSik4eDb1VLF,2018-04-27
7lIxq2FyZ9JlYVC52Wb5E5,1976-01-01
7lJtRbSmuXwzoeFbtrYHzr,2020-11-20
7lKWFVwdsyElBL6qnfMc9x,2016-05-06
7lKZBd8JPbaI6bDqanTkjU,2013-12-20
7lKhxWhv5sPG9MBaDfdJL7,2021-04-22
7lKqg8JBcJbbQXssnwDAxc,2022-10-07
7lL7AgPCYvDHz8AI4nergA,1995-09-24
7lLBtZ2ZVOdgk6NkL8SA8f,2022-03-11
7lLKxcNeJtDTWVRKHovLEC,2015-03-19
7lMFAK8dv0QkWpIlZcWQlJ,2018-05-04
7lMHhos0TYvpuDblM5IrYZ,2022-05-13
7lMTVi27JJZeVUNiElbABC,2022-10-13
7lNNgDlzU6kvwUo8m31rdC,2012
7lNZVe64Do0fQIUR2AGli8,2022-10-07
7lNcGFFAqu5CLB1MU7jbST,2016-10-17
7lNi4mV6mWH23fq0vWNz4C,2018-04-05
7lNqyHePftFYiqMGtGqZcf,2022-08-05
7lO2GNjugHfk2rshtaTmIX,2022-10-12
7lOswwKheYUuvxmJsN2JV4,2020-07-24
7lPL2wD5oCwBuqBLJhCFEa,2016-05-24
7lPLU2Ux4J4ozNIUq90JhH,2018-05-04
7lPM8uXuIO5MDWv6L0TPaZ,2018-10-05
7lQ8MOhq6IN2w8EYcFNSUk,2002-05-26
7lQC3BIhtFEmllAt0vWKXG,2022-07-28
7lQJrNMwkgrK6Ji4yvFApt,2015-06-12
7lQNUHb52DVQNcI34GA0x4,2022-05-13
7lQOV6tZQh5fXBNWMZ45qU,2019-05-15
7lQXxhS1MQwQbMVUCkDKS9,2006-10-27
7lQrfDVKQ8p8CPzXSA4bIH,2011-08-30
7lR743VxfubUw5m9dpnR9x,1994-01-01
7lRAHzqM3nwR81LXQd8poQ,2022-10-07
7lRUJ9zBbrOBnz91KOiw0L,2022-10-16
7lRlq939cDG4SzWOF4VAnd,2004-06-08
7lRp0mTu0oAaN3avFuouoQ,2018-04-27
7lS5QC2bMzI2zEOEGJ6AQy,2014-06-10
7lTWdUAtKRdaRS0UbQD9y7,2022-10-13
7lU6oNl33lp9UGYal9qsVv,2012-12-25
7lUA5kETZGrFSRUzXHAQtZ,2014-01-14
7lUB18zW8flnzCpHmIA0lL,2021-08-06
7lUR4anj3pEalvriwjhmav,2022-10-07
7lUXTcOSlWXNGN25wj7iNf,2022-08-19
7lVAlNJlasZr0c3fey4Mww,2000
7lVAn5bfk0IivFpUO663TZ,2021-03-26
7lVCNk7lDX6zZUShe7cFfI,2022-02-11
7lVNPh7GV4peci7b7WxMme,2020-12-18
7lVYx6xEvCsifzewVxU8aY,1992
7lVctbIJnBdZXeoueoToBV,2021-11-05
7lVp8hXJiwHC0zdZBcxV6O,1998-04-14
7lVrGPpy0wF0l5uUGkm2u6,2020-01-26
7lW54iMwSmGmFL8D13ipT1,2015-09-25
7lX6at1uA6gF2fhwVFnO17,2007
7lXNPHS4EqOvBfzwcA3ZcK,2013-05-28
7lXchNPE1fUOsDvz33NA5N,1999-09-16
7lXfsHwwybFFzRwulxmYwF,2015-09-15
7lYdF3SC4SCJPg5kROvXWx,2022-07-01
7lYrz70DntWR7o8Sqfz0Ok,2007-08-21
7lZEYa1Xq69w1xvIp8hiTy,2013-11-08
7lZWYPMQv6whyz9oSs7djy,2021-11-12
7laKmnKG4kAJnVN0b60a9E,2022-10-20
7lakl3bPRdQqUGX9m755jX,2019-04-18
7laoGPQdG86gdrkcTIEaN9,2022-10-07
7lb82F4jY2jH9996rMc8U9,2009-07-13
7lb9nshCN6cz4gYCjiRg6J,2022-07-01
7lbP23HcKWPfXz5R1dR685,1993-01-01
7lbgAw0ATvi6mpnFXPq8kw,2022-10-14
7lcR0YsFYy2vIgbOyX3gxg,2022-10-19
7lcR2rqDcPXL0LPUc4zL2i,2015-06-16
7lcTpZtdTyfiIgVIpmTVut,2019-07-03
7lcYieV34n9gHmW9wRweI2,2022-07-01
7ldJhE5mB9ukNh3OjuX85T,2013-08-09
7leJyuX7KidUie1eJdGNT5,2019-06-28
7lekmoc4i0EunGhvfqYzPl,2022-08-01
7leo97m61VXKzV7b4Na9qa,2022-10-14
7lf2yOFlJxMxBw9eJblpeO,2021-11-02
7lfPN4QHVUg5pL3Mon02EC,2008-09-30
7lfPz30clr8UHxwkqmFDSK,2006-01-01
7lfnnW74hr3PfOwbojgCnW,2015-10-06
7lfoJaJRuVB43jLr4Ydi00,2020-05-29
7lgb2qegIOmODRmVJBmDo0,2012-07-11
7lgkO0trbpO3S6Uy1qQ10u,2009-06-12
7lgvGRC1gN0JGgY9VGXsQT,2017-10-13
7lgvpq4R86aFDc6Q8HJ6Ne,2022-09-07
7lhxbliD1eFzb5WWk0LZvO,2022-10-18
7liYWrLR1Oyi2E5RXDXjwI,2016-05-27
7lia528U7Kw5DvvfWbCN0w,2007-01-01
7lidXGPXPYLNThITAOTlkK,2020-01-17
7lihjNUhcrpaennBT2nuWX,2021-08-20
7lj1DYUxAQu3r6giwDLc16,2003-02-25
7ljTI8Yt1JkumFmjTcvnGf,2020-02-07
7ljajsdFTaRVN7EUCE6ODY,1982
7llKkUiIzjfqnBHgRJScqF,2019-01-08
7llMQURqdlyAvYhQhjIyuF,2009-11-21
7lltIP2aLYnEwbrKdYq0gb,2003-01-01
7lm0CTjjEMjQBztPfUnYSS,2016-04-20
7lm18HnvLrVC0mVDIY6Xtq,2010-01-01
7lmeLXvVcpj2QbqgHjwB4G,2022-10-07
7lmf9IqXVEIJP4OpqoZElC,2005-01-01
7ln7o4q6y9h8qEc6hGrtr1,2005
7lnRiEP7BHXuILXNY9MH8f,2010-11-08
7lnXTJJlkRyYH5z9MG5n6g,2022-10-07
7lncM5eggAyUVs3LtA3L01,1990-01-01
7lozLnUfzcgEpMMVQI7yhA,2018-04-12
7lozyelzonSChypzS5dPPb,2017-05-29
7lpMBvnGxzpmEp8f09hwjx,2022-10-13
7lpaVjDPjT72Afi7LqXBIx,2020-08-07
7lpmIGFw7Kc9qIdq4cGs34,2014-11-06
7lq08zctLOESidAM58kjq6,2015-06-23
7lr1Qj5i2emYCPqUiIyFcz,2021-11-10
7lrP86Z9b3e867M4EqiDk2,2019-02-04
7lrpT3dtXvYhTkLceXlDUx,2015-05-19
7lrqvdivAYRGEiO8JFP31G,2020-02-21
7lsZ0OZARZkukFyUBZJW3f,2005-12-01
7lsnsM39mjdDKEbge48Ezx,2013-01-01
7ltLi7CG003USSGYsSba9s,2021-05-07
7ltXz5dHFBNpIyT7RxSSVY,2017-03-31
7ltdj5XzKOV6bRldI9nt5e,2004-08-24
7ltz6HMfuFZH67aBeYEtsO,2009-07-01
7lu2eEEtAtRey3fulFeAxg,1997-01-01
7lu6YLrlB1MU7HW8DJSuPa,2020-04-10
7luPNDygl1pi2lMW4dPnJG,2015-04-03
7luQc5bWryZ9cR5DAWuejo,2003-01-01
7luQdidDzQ6DaNBpD4uQ2J,2020-09-25
7lvUf1BLEZuuwhbc9xeR12,2022-10-21
7lvobfYGCBe0okzSwMtvRK,2022-10-07
7lw7DXpbGG8tQFJYRpt2jH,2021-06-10
7lwXrOskUl8qQN8WKuaRYe,2015-09-18
7lwqb8Yj8RdgeTYvzsiNPP,2019-10-08
7lwsIGpnNu6Qp4lv76FDAz,2017-04-07
7lxko73ooRaWrlYJtSgpMc,2022-10-07
7lyCE9Gx3ITi6ZX8Umg6yG,2019-12-20
7lzUUcRZ1zbUckas67Qxfg,2017-09-29
7lzi9c3jjP1N1oPNo5FH5F,2013-01-01
7lzprKou9yZPeU3kgm3Y14,2013-03-26
7m0ZAW5ZO9lo6UOKyRPOJk,2022-07-22
7m0ZqFw6SHoAvtEccpMOs3,2022-10-12
7m0xP08bcvcHFVnlEzOhBG,2018-06-04
7m1OLuoUfvS6mNDskvWeeU,2022-02-14
7m3SW4vmDNYQE8wg7NgMUI,2019-12-19
7m3Tbsn12hbBnsFHR6O4U7,2006-05-22
7m3YpisHhBG2j98LXFngHP,2018-04-13
7m3fDut2mWwaPDQHl2gbU6,1996-01-01
7m430L6XGkvgf5muYbUt06,2020-12-11
7m4AAuyXQRx20YGNtzMS4P,2016-08-19
7m4CgL81VVIHaaiSxyH922,2014-09-26
7m4luTtlene5vS6xUvWxRt,2022-10-17
7m523YFWB8812Qwx6VOjVD,2020-05-08
7m5AlHcLKi5KRZjH5B38RM,2022-10-07
7m5Lo4mHFrwPdMs2klNMdO,2001-11-16
7m5mk3nsiLsaFzwrsZvU1b,2022-10-13
7m5v5U6wvwtV0A5YpBIGIW,2019-04-06
7m62E9JAXqUwJeQz4WjLzv,2002-09-24
7m64tTau2Rh6hzVDA1oV6K,2007-05-18
7m6IcQvZxQPSuzY465stcP,2022-10-07
7m6w9ijsXoXhYoyeAbA5Oy,2005-03-22
7m74gDDWJmNjL1rUcWReuH,1990-09-25
7m74vqvag5u4ZuVrFOWx69,2022-10-07
7m7mAJ1pj99t0AzceCG3p2,2010-01-01
7m7p1cJ1UBpCzHiSUF8feh,1998-09-09
7m8A3LgFmtjCKUl83cm4vI,2022-10-07
7m92DSUZMktDDqJjhZk4dn,2018-12-12
7m97u5zpSWqkDjN4uwY2LP,2019-03-15
7m9L3LHhO1ALNXUJ7m9K04,2021-03-23
7m9OqQk4RVRkw9JJdeAw96,2017-08-25
7m9XR7FquXLP1FewdAcNS9,2015-09-25
7m9lrMzOMbFWEaRISYukDY,2003-05-28
7mAYdYyUrkUSArOdSrC7rR,2019-04-05
7mBFKY2XoYU6MkERazfaZx,2014-03-03
7mBQ9o1ki3o9fpTP3LsD7R,2012-04-30
7mBT5X016ptZbivwbzz4Xn,2020-02-03
7mBYQknbFc801zeluhR2A3,2014-03-30
7mBtZnqdWLJQbd2vIc3Urz,2021-06-07
7mCr6Rn5jx04Fisvts97Z3,2019-02-01
7mCs2Eai4oIX9q4SNJirjo,2013-10-14
7mD7yAQm4GcifSnWqJdZHi,2019-01-25
7mD85iEVS1TQa8zBLQZSIM,2020-07-01
7mDdR7ynAJuMdkr49AlF1W,2022-10-21
7mDh6tKtDYEkt8b1rXVTe0,2006-07-31
7mDsQh8ZNJsFgbp5iTuSET,1974
7mDw0flasCw8KCSIOOhrwj,2008-04-01
7mEARhzD4N9nXPGxCWuBvT,0000
7mEm1N1cDErUOpFWic3TIZ,2011-10-13
7mEnXosuTHG82QMxKtoALU,2017-09-11
7mF0Ut2Dydj7s0lsNh4ulo,2018-07-27
7mF9uYGCRlj7KWNYJHQBZP,2022-10-14
7mFEpQCdAGSgTwAPe33gIl,1999-05-04
7mFYASuwFDuAQvR8nwytux,2019-11-26
7mGD2p1TAGLr2fvlKYC2gN,2001
7mGM85r9ObS1UsZF9bVaS8,2011-07-05
7mGMfDCL5O0aBOnI3Bnwlm,2021-06-28
7mHVncGZz23AWFGfvHf70Z,2016-02-14
7mHo0jvPEEEKnDVs6xMIz9,2020-06-19
7mHvtuw07i7Co0FbBKUgSQ,2014-05-20
7mJBUePy6Wn0O4UTiHe3Ka,2022-10-12
7mJdz7uNv3jgVSIMkSf8ca,2021-11-17
7mJy2w15A9nBcf7iEojH71,2014-02-09
7mLEUzAulFygMchoGMrP8E,2014-09-18
7mLwPwhO2msXNW9vUlykjl,1998
7mM5ZcqOhcNmlWjU8EZ1i0,2013-01-01
7mMebrxjiIPhUlPyXQ4GTS,1992-11-09
7mMiyoe7AUxwe4neprDapY,2007-01-01
7mMkw0JFKnyMS6oGRT6b3O,2010-01-08
7mMm6zl2lBCQglxtd7vQ00,2009-02-09
7mMshfkGDVQTjn03tvSlwI,2013-09-25
7mMzlK2pYVbgkUL1zaGGyV,2022-01-21
7mNIlF7kBjbpVxQH9FIDdb,1999-06-21
7mNQwVYgoB3mtjkjCKsbXM,2019-09-05
7mNZUnDWUDidWBFaUpVtOC,2019-12-14
7mOGLFitvkIyK6xix2xo1m,2022-10-14
7mOcLhVf0Aj6pIfi3LcSNW,2020-08-28
7mPFw2uKoAPsC6ykTbYHLz,2011-04-26
7mPc8ZB3HojopWd0EKQkLO,2017-04-28
7mPoHRn8mVrhJB8hYiAbnr,2005-07-01
7mPoUwpcnhi7ZWUwQtSIZa,2016-06-03
7mQF4G6Syae2fCUSSxPjRX,2019-06-21
7mQQV4hDnXn3TrVr1QDu65,2006-01-01
7mQRfJ54ccWllxki6Q42lh,2014-02-05
7mQjVfocpzkKd3PN1TtwKR,2006-01-25
7mQmu0JSoEyYU763IJXhIA,2019-10-11
7mQwkPdSDGlbVjeZFzjgfO,2021-08-20
7mR7vE5fVgIDNuytgsjNOF,2004-02-05
7mRCgqF1eXVoDUpOldz9Nl,2022-10-07
7mRFJZEISSe6tuV0FdaJb2,2012-03-27
7mRrzmo68Eynma0IkpxMmZ,2022-08-31
7mSKkvtSs8uWuo0GYff9qR,2020-02-07
7mSW8tzh4yJ1siYnAfWh4l,2005-01-01
7mSzDKajY2wUtstQSLdzMK,2021-03-17
7mT4UXUP2hXW6oj15MMgzT,2012-01-01
7mTKvNBDDv03twFJeZ1gny,2011-09-12
7mTekQjP822DSXDNsjUM7b,2022-08-28
7mTpX5rx3tGD7eocjhRZS8,2022-06-24
7mTu2ZcNb2Ip79YEzZZnrf,2021-03-18
7mULVp0DJrI2Nd6GesLvxn,2022-10-07
7mULdwxJbL0Pl7yvrACd2X,2022-10-19
7mUTA6Okk5iAAbbOpInvZB,2019-06-14
7mUabwWfXUdmmKCPmlHFqP,1968-09-23
7mUgzOH2KJhuCaEQA3VBBt,2018-04-06
7mUuarQfB0E0Xs80Vzd2gw,2019-12-03
7mVBabnZRz2QkYRbLmuJcC,2016-10-28
7mWBvNosCez1ry9f1ba197,2022-10-07
7mWFF4gPADjTQjC97CgFVt,2019-04-25
7mXeV65gWwCPZ4le46qcPy,2015-09-11
7mXmxXLAnsvXKt4Q37KoMI,2006-11-20
7mY5rHx11vyazThG8xIBzO,2021-06-04
7mYUEl7QoySTYm6J4J1Cfg,2011-04-01
7mYxasaIYPQZmbJ70GXAvs,2019-10-01
7mZQL5rMd6BwppELobLMpI,2021-09-24
7mZoDbttXQ6zUOqGCKODYC,1993-01-01
7ma2fbKDEvJeGJAx0YedAs,2022-10-21
7map9ciIR1obUQ4dOKo9IY,2020-02-21
7maprFc3lpb4PSq3290wk3,2022-10-21
7mazffu6nlIv0rtRyPDMTD,2014-01-01
7mbKRstaaEzxFEYfS58jdl,2013-09-09
7mbTpKeiHkrxWYQM9pmFWE,2021-08-27
7mbbGuqfaIIFHImIwu45Xi,2017-02-10
7mbd55vVvtqHOfxL2L5zRM,2022-10-11
7mcoKEVWOKbJfGlWY3AT64,2003-02-06
7mdclgEREBeEcIbGxIchcF,2022-07-06
7me5d5XmtCCfbDk3SsyXqM,2021-06-25
7meZnbufav6aOYXgN8GfJB,2019-05-18
7melzi9ApEUgOUapxhTVKP,2013-11-05
7mf5mUkv85tYNjfWc30efm,2016-02-26
7mf6IzeXWHVkoczzu08Y6p,2009-12-16
7mf75mbPFLmtlcofz9mkk2,2001-12-08
7mfEKj6v1ZoOPf6kPMPPHm,2019-02-13
7mfJk96oMDF1pUUdwC8aEm,2018-06-29
7mfMTQ21RSVhUw778ymlyV,2022-10-21
7mfP36qnj3HhVwMJNLbyXF,2022-10-17
7mfemPkXO5f3uw6cXOikHQ,2022-10-14
7mfvOqsvzZaUl7sfbcNk4E,2002-01-01
7mg05jDLLNtuL9BA8hgsSA,2021-06-10
7mhJ08BCG6goQ8mPpk9TuZ,2022-04-28
7mimSbktNZYU0RBEjEUpPn,2019-06-07
7mjJSQt9FkcZiannFBT61t,2022-10-07
7mjSHL2Eb0kAwiKbvNNyD9,1970-11-23
7mjclZIudTkv4nzQSsuiKC,2022-03-04
7mjo3sYcb5duRlllAnnvnW,2020-04-14
7mkNsVeVbAy5DydZRVWeh6,2010-11-08
7ml6NhIU4YiIeAtog31ZF1,2022-05-28
7ml9LpCXsH88Ez1mJnFzTg,2021-08-27
7mldAx4T3pYphSS6rRdMHX,2018-04-06
7mldq42yDuxiUNn08nvzHO,2017-02-01
7mmeq0ZmRwurYUujKsElqg,2009-01-01
7mmt2LjSev3UEGIGbff5wC,2013-12-20
7mnKyGfRTHjZo9fYpb9WeX,2022-10-10
7mnMrnNU0K0EPFPagkgjKw,2017-09-15
7mntHnF2frXuZwFAp8ouCB,2022-10-20
7momkFLN8wuMlvL6nf0ElV,2015-11-01
7moypX2eHrkxm4pKwhKShF,2007-03-19
7mq6753542WZViD1wJ64Eo,2022-01-14
7mqefVxv8ctGYoC24Y6FSg,2022-08-26
7mrXUomrmXRRVAJSNoliY6,2022-10-13
7mrd9moQ0k1QOws5UH6E4g,2022-08-05
7ms7m7peF8b0JuNMWaAhi2,1998-09-22
7mspMgbrDiYlTaEMI7jNaO,2022-10-21
7msxIQOTZxtjOkA6gzVWug,2022-07-04
7mtDXaOBLfFQV2DF3xx2lE,2019-06-21
7mtFv7sJst6tUNFEYycB81,2022-09-23
7mu3izFaaBjVHvsXkhArLK,2007-05-04
7muThCzsr5IiHihIvw3xzf,2019-09-20
7muesIkUA6Yr3uCvRGPKJF,2000
7mwFpSD2Y6wTAi9lWTPNRB,2008
7mwpOCSVkUcfrSp53PKrfL,2019-10-11
7mx3Tw7hxd4VgzcxuXV83K,2019-06-17
7mxjIp7v45WisQbCR17ERN,2009-09-15
7mxpWt3f6U2lG0uzlimbKG,2016-04-22
7mxs4I15WiK1Op1DDjrrB7,2021-12-24
7mzPAftljnsFmU6131Pqcd,2022-09-09
7mzU3O4ixZNhShH6SrCInw,2017-10-09
7mzqPv2wTkEiDe0I2KjDIw,2017-03-31
7mzumwy0CcCFqH1fIeXmja,2010-10-25
7n0SF5xMsjiMlWgWPMcihb,2022-08-29
7n0WoHUsLHqDE3ZnerTPdV,2005
7n0ykTpyFXr4fH5iZuDQe3,2011-08-06
7n2FZQsaLb7ZRfRPfEeIvr,2021-12-01
7n2u5avALtgaCrNfx3oWZu,2018-10-19
7n3WO6ESKS1uCI9fgkGs66,1971-08
7n3u7RrzdXGVcclBEp9aSa,2020-07-20
7n4Ou2dY7blyiZyR1S6M2k,2021-02-05
7n4Y9BCKLHi4hqI2NctuAq,2022-10-14
7n55NKrngbj2RWyWIIz4w3,2018-01-31
7n57gzUf3DTutmdth8UwdV,2012-03-09
7n5Jcqw85WSfJHrMXsk5N2,2021-01-02
7n5pR9WvYzpShGsO7Jcm5s,2020-06-05
7n6AQKpZUGiJM2auF3yuDY,2015-10-10
7n6FiTKMPLDZNjvmhVuxSu,2022-09-09
7n6h1TF2F9bLmf0MtyRDev,1997-08-09
7n6t89yx1U566KfgFbZNBD,2013-08-17
7n73IrzzuSQBr7VoX8zZ1X,2010-06-21
7n7LspIVXAquaEJ9wfTfwH,2020-11-19
7n7zrI1PxaGuXCn0G7eVjO,2014-04-28
7n84JnxvDiyrIVMvRpZmpe,2018-12-21
7n8ORc71tQ8NXkWfhg898Z,2019
7n8U8nb1U1yafqgqlZirnf,2019-11-16
7n8o3jblAefGZvOKT4fAEU,2021-07-16
7n8qmzGl6PP0hav6pdCso8,2015-03-23
7n8sDrEcuMt0yezLDhIbnN,2020-05-15
7n8yKGSjVddy4ByB22bjxi,2018-12-07
7n9cUL4CSC8pfNO8aRHMKf,2007-10-18
7nAfXgeHfDO50upcOjJOaq,2017-05-19
7nBD7El1FH3L5xnRMbARtr,2007
7nBHo780LmNr6TgKNHYEpc,1988-02-29
7nBeVCe5XQ6sn6dzqFvglv,1990
7nBtvMaR4GTorkIlNlvN59,2022-10-18
7nCD5l7GrFyt6o1mstCUFr,2016-06-17
7nCIoLLN4BMO8Q6851b8N8,2017-08-14
7nCONy10IHp7XD3oYZ0lcx,2012-04-23
7nDIflSHQXzaa8zupxwv3U,2009-05-19
7nE3oOOq9YVJbXhdJSO2Qf,2022-10-07
7nE91jTdniDuc9BS2Haoyc,1996-10-25
7nEE5RihPZU6L5LZqDeEZD,2018-08-14
7nEWerH9vQDQ1wNoH8J3K6,2022-06-24
7nF9c1EmRF3BNAtKDCwUAK,2021-08-18
7nFJSfGvvV0WjatTZN6QYi,2022-09-22
7nFkcOIUgct66cA1TCksDN,1990
7nGBzBEsoaQXyc37FL1lNs,2018-07-06
7nGzwkF6wwtdgSu94qmqSf,2018-11-23
7nH1DdG8js8Cu7CMbRCYqG,1987-11-18
7nHOsei8ZAuZCuMjO0OzCw,2006-07-31
7nHQMSRzvcv9nxp2TmIdtV,2022-10-17
7nHXb0ce9MuoZg3uUGTGqA,2020-11-10
7nI6NFGaBgS64tXEg4aFk8,2018-10-29
7nIyZpAsOH3U0dYBiozXea,2018-11-16
7nJ0Nz5gsmICYvbcKsT999,2022-10-21
7nJJKm0R90xM1nGlxTHTme,2019-03-22
7nJMvNlDpJShN4HJNJ97Gh,2022-08-26
7nK1jUyy3YutdbcCniY6xg,2019-08-09
7nKBxz47S9SD79N086fuhn,2017-02-24
7nKiLyUUSbNUwaoMBzBeQO,2018-06-15
7nKjIWgj0IdEdzSydPSnal,2020-03-06
7nLUq63GdG3riM8eSVh2Ij,2022-10-13
7nM6tPKNCqA8IT6WMp516A,2011
7nMBN3eKuRfcQGEnzDeNKP,2020-01-31
7nMFbXSPRgJDE01Tbfx7Qe,2018-07-04
7nMYIdyLvE97RYqvmMVwJX,2018-07-10
7nMhRQY2qk6TBfhb64UopK,2022-03-25
7nMjgX8uYCl2SDQuArcWv9,2022-10-20
7nMszIZA8wY9PlFARlhI8W,2018
7nMzPmHxYfugIx3w1igro5,1977-01-01
7nNFPI4xVf2XNRUrjQc8MY,2020-06-05
7nNUSD1jkWC71zIOUWY03E,2003-01-14
7nONCWnM5GfhDRc1sajdRq,2022-09-07
7nOk0pfj4DqDglEjgaJ0EG,2016-05-27
7nOuvxR8R59u1xCtqGbtnH,2014-08-08
7nP1xAbR6A5zyR7HFjuaDQ,1979-02-01
7nPdbiSqvnJxIl28z6PQZg,2022-10-18
7nQbtErv3NmiMMYKfjJu0j,2017-03-24
7nQkIv6NYKGzjBytrBfTnm,2013-05-15
7nR2mGoLpfzMA5f3tFdtvV,2022-10-21
7nRFeG20drpHn9CqPuRVJ6,2006-09-30
7nRRTaHqiagZHYOHDOlZlF,2020-03-03
7nRiNx97z41jx1DeX8gKj0,2002-03-06
7nRktxNzvQAzkAupREPxbH,2021-06-24
7nSBHckG4tTFkp0xqNZDs5,2020-04-15
7nSM5Q806uLYcJvWRCIRg2,2022-10-12
7nT9lGk3bf5rvnVbzPIE3N,2019-05-24
7nTDFaGqZtkA0KDEays8vu,2021-04-23
7nTV5NPMGvLfVXZkR8Ttv2,2010-12-14
7nTWWVvcAqC34Q4JVyovdG,2015-11-27
7nTxmv4ZlAb1OstqNLPheH,2022-10-05
7nTy3uP0gaUjQsPaRT5Xf9,2022-10-21
7nU7KjdUCdqIOyG9K8S75o,2004-12-16
7nUgqMvj2oBzlsUjwvRVl8,2001-04-03
7nW4aS5AeIP0jfoY8ZvlsL,2022-10-11
7nWVOe4ZuPLOBORyGSvAO2,2019-11-15
7nWjhK79l5g6yocZvlvLOB,2020-08-16
7nWzpMBJwjubxBF75Pi4An,2005-05-16
7nX4ofbIhB4YznV2jTaaHZ,2018-01-29
7nXci98gcFBxwsSRxqkzSq,2021-10-06
7nY0GX6LDCPc0aBMTEO1cR,2019-02-22
7nYPy6SVtSg8snrv8kyDvU,1995-01-01
7nYUn0gAvdNIXcI9UA3EoF,2022-10-21
7nYbKsvhM88mHCmFsAIQVp,2021-01-08
7nZ9CzhiFRPhOQCn7eDSnn,2015
7nZBdkhoH9puF0XNMF9WuM,2022-10-14
7nZu5xIQlEceMFpfQbjK1P,2012-01-16
7naJ2IXF4DSumJrV5kR1jm,2022-07-20
7namdlOhbtsc8FvoSafOQt,2019-11-15
7nbAMKGkPMjc4EuNNsjXqZ,2018-12-17
7nbj09isjVmgNYJ7eKBzyt,2022-10-14
7nbyPn5vTUttoFhdaW6iqN,2022-10-14
7ncPjJBktLEOpstY5JOUMK,2021-12-10
7ncZ7K2VIA9x8Pobcfnx5E,2006-01-05
7ndmFXGKHcyvxzNlkF8UEV,2017-04-24
7ne3GUyA8HHBR0KsuyXzyM,2021-04-02
7neNPI7qnFBrk20jqXSUzd,2016-09-23
7neOVgdSQhXued7BXvbEWS,2000-01-12
7neYKRTvBKRI6WbB92rndO,2022-10-07
7nemcVsXVFZF01iqpIIo2Y,1976-05-14
7nfDCitnnPl1XcS3YJPXv0,2014-01-15
7nfgm6YX6iesrEcHSAlc3S,2003-07-10
7nflXwKkx2PWgnHlUV3XKL,1994-01-01
7ng66DtixkadH0wd6B9Z4T,2017-04-07
7ngkoyskxYZo3bPTYRfI7m,2022-05-30
7nglrdtDWzSqj2cX7tUIlx,2015-01-12
7nh0arkkvidz5s5EB9wA27,1983
7nhrlsT1P4qsslp28UA1BI,2000-11-13
7nixLKx5skJBEKyiqZmdp7,2019-03-29
7njTGO45SkaBTNu35t2Yq0,2019-05-29
7nk1q5s4z6zdspR4NBZCot,2018-09-28
7nkQKkwybFY2zPdHF9xWxR,2018-04-06
7nkp1uuSbKkoxMvEs8cSw0,2018-04-02
7nkxIKWh0PQYwYcKmwt1Fj,2022-04-08
7nlBO1PoiiB5rjro96w35l,2022-01-13
7nm0dn6tp3XYreZpt6Ugjg,2015-07-05
7nm8w9dMwTjlWDosdnxBSn,2009-01-01
7nnFdyYsVwFvUXB4heKZe4,2022-01-14
7nnWIPM5hwE3DaUBkvOIpy,1999-10-26
7nnbb77c4fLnosiTk5QpxQ,2014-09-29
7nnhs7e3iQbiKc1xBRF927,2018-06-06
7nnjBAQsUg0f3Gcn2lvEt0,2019-11-08
7nnltFcvHTPF6PiBK9Ykhe,2022-02-22
7no3XoMD2kn36W7EobK7Hq,2014-01-25
7noMTQDPvffmPOUIJ0J50E,2007
7nojPrUwjypEwo5HVV5TXg,2011-10-25
7nomq2qRQrg4ecFxvHLy0c,2013-05-21
7nqAqwznesTgfCX84wqhfq,2022-10-19
7nqtglf0XM9LQWtqeULyg1,2022-10-21
7nr3RAMpV11jb07Rw2sfzk,2022-02-18
7ns5VvwQUV3A8gLxoSZVyJ,2002-09-17
7nsjBUVRQTUEvCReXAtVPi,2022-10-13
7nsjEFAhjOyXUritsAThHP,2015-07-17
7nsvrteisxxfFN4U4BrkjE,1998-09-22
7ntJVBC11rBSPyGowYV1qz,2020-12-10
7ntN8nScp52f802mqlBEAt,2020-12-18
7nudwi49ZHlgt6AtNNgVnJ,2022-10-21
7numTQ1FPfAMZec2fLsbuE,2020-11-27
7nvLekndCInVSpJolFMDJk,1983-01-01
7nvMpVadr2vaZESadQRjCl,2022-10-14
7nvdj8uWalevHaOBXeXX9Q,1974
7nvzIA270KiNDRWFbDFYtg,2010-05-03
7nwEab6Y4LXbKUZDNofOag,2022-08-12
7nwQFNB6GQlUMW4PA2VXZ3,2009-09-29
7nwVLrbEvFNH5sdPepvHjl,2021-08-04
7ny1jOJSZAF6VBb7x9DRO2,2001-09-11
7nyMjLPkiqypi3WlGhwFLY,2015-06-26
7nyNl0gT2zAFw2MlCszAC7,2009-03-02
7nybNVNyE6TdWMcrPsYnZw,2007-01-01
7nyprGzLfhdp0zJfa0peji,2013-10-28
7nz5qUO3ZtyfpMV4SuRWku,2006-11-18
7nzMU6ive8Zpv6Puqid46W,1989-01-01
7nzWT0CI6MThGnQOFOLYrx,2004-01-01
7nzbdPYlaoVjV42rzBWStH,2022-10-12
7nzeIh8kUdieUBLPXch9wi,2012-06-04
7nzi06MOnxq4MVzTI24PdN,1998-01-01
7nziCzPuyKub9Ra5o5OSEy,2022-09-01
7nzsY8vlnKdvGOEE0rjAXZ,2013-09-09
7o0ucA1yNNZTdCwclllu90,2022-02-11
7o1GLuVk1AEYyd10zoD6bg,2015-12-02
7o1yzUVkQt2Gto5yYvzo2T,2004-04-26
7o2AeQZzfCERsRmOM86EcB,1992-02-10
7o2CTH4ctstm8TNelqjb51,1987-07-21
7o2E6zgNldxmwDRVbPDZUj,1967-05-14
7o2G318KZiekaMH0tNEwQB,2022-10-21
7o2fOjkJBJUe8IFEuv3YtJ,2009-02-04
7o3DV1szMH5Fd38f1QwgPO,2004-12-10
7o3IzVMrYrAz9l8CmkgQGA,2019-03-22
7o3W7cL4KHOVwf96zxuj0p,2009-10-09
7o3vB2y4okBEQV0352plsk,2022-10-14
7o4Ei1X0NsjQxDyo0stmPv,2018-09-24
7o53NbZDqINqkgdQAPcA00,2022-10-17
7o5uT7dTcUuxYHQMZme5OU,2019-07-17
7o68KX6XyCS9lydBTH6TCP,2013-07-30
7o6FydJ4BiJCVfEQvjFvKG,2021-07-09
7o6ygTCgwsQudfYXTy3VLA,2022-10-06
7o7CBVw8COB78kR5P2zK1m,2022-01-27
7o7E1nrHWncYY7PY94gCiX,1980-01-10
7o8bf9SHWmIAgTdexmgyj5,1998-01-01
7o8mnlsmeJtCtOet7O0r0b,2008-02-24
7o8wpBOeaHMltqR9QWFWaE,1996-01-01
7o8ygzs06bj5LbwO72N6Nw,2021-05-24
7o9PkTfxL0Mm7gk3Bp98hv,2007
7o9RE92xHlgmGpjA2o3DMT,1998-01-01
7o9uu2GDtVDr9nsR7ZRN73,1983-10-14
7o9yuI0dvhbNVkiUaG1z7T,2020-02-28
7oAf0lBjipjSfyay9M8wQ6,2022-10-10
7oAz2RyxPkjdzNIeQHcIxP,2003-04-01
7oB2Uq3UD0WrIRBAc3wfHn,1979-01-01
7oBIzbOdN1JBGMfO8N4Xyl,2019-09-06
7oBKHPJYECedAEiKzvI7Oh,2017-06-30
7oBZJf1VRjVezArAY9tYDr,2009-09-07
7oBazz4xCO7Ul3MJHhKy0Q,1994-11-01
7oBrzk09iX9me6zRTTu0AW,2017-11-20
7oBxxv6C5ttINeFHzOVwS4,2022-10-20
7oDCqI6qYIc2ebiduj7RkM,1999-08-10
7oDUCu36rMex65tc03C8er,2020-10-19
7oDfid5Tw8tD0ZYqiS5VvB,2007-03-21
7oDykOViQGiV9M3enF7u4Y,2018-02-07
7oEFRIwANUFgL7XR9jAtzW,2007-05-31
7oFRsRfhRyBivsoeS7BcN5,2017-06-23
7oFcgYg2BFWrJlu7q8ZQDt,2021-03-27
7oFvnVEGN3hcThYaXFTSk3,1991-12-19
7oG7itkvcnZu2zzGPpv8Ax,2022-10-07
7oGGmUTUwH6EooJGeZBJdj,2009-01-01
7oGYa1wyKeGKzSg67jym6S,2000-01-01
7oGi0ndMedRLlw1CVdakGD,2016-09-26
7oHDdgBGhiglCDWsJBCa1R,2022-10-13
7oHeNoXqZM6Bntt7AChxg4,2017-09-13
7oI40EwoWgUTpE28SCStdS,2006-12-21
7oIq8nq5ft6cdFW16gN2pM,2004-08-17
7oIxMDjPPVNEKSCcXReN6v,2014
7oJNgM72SenJwREyTLyzk1,2022-10-07
7oJndSpJ0dqewuPfXSfpXd,2018-05-30
7oK0wrAHhSYofdxg3wD8tE,2013-09-17
7oLLqFAAVoFtSoMHHXknMf,2022-10-21
7oMBY3VmIxqNVeZ7yneYuN,2022-10-21
7oMO1B9CB4ZPYPLeVe32OY,2022-10-10
7oMr1IBlYwnb1jZh6of8kN,2021-06-10
7oN0Wo7sCVvXPdpxoio3JM,2022-02-05
7oN2q9L9YShc6weFVvnnxA,2010-05-18
7oNCaktD0r07nQMBCQy7gM,2022-09-08
7oNkfgXQ8vkprDPQFDsxUS,2017-12-15
7oNkh4PT5Ys11ffiTSOZVv,2012-09-28
7oOEFDLSQscl0uGulnIEmG,2016-07-15
7oONS5KyagKsvkl6oGvGxo,2010-11-12
7oOOI85fVQvVnK5ynNMdW7,1979-08-10
7oOPUkvKZERP5MJCiA6HNN,2012-08-14
7oOZpsUhFJd99CnI1JLRog,2022-02-18
7oOfvZDUqhiJd9OC2Tq8Nh,2018-11-06
7oPeylKTrY3ALtZvhQxgR0,2001
7oQ8pTAe783QS0UwOmbHRb,2006
7oQepBIdwzdYAmP76gWgf2,2019-08-09
7oR52pTFA101oebY83ZIRr,2017-02-09
7oR6u4OKtC1EJHEFXlus5P,1996-03-25
7oRBn72zHKBklqOFiiITzP,1983-11-21
7oRpNoAsvWrBM69Vv2vK0x,2018-07-01
7oS2EnBWSHxzR2m6CxNJYA,2022-10-14
7oSCgig81QrE0hr6weiwgc,2017-04-28
7oTERsG2S1tn1L2mNd1fxv,2004
7oTPEieJop7WhrXT3rtSDn,2009-09-19
7oTUCpSwd2yVIUnzT5uaIv,2022-10-07
7oTolUJnTV62rjRegE765a,2021-10-15
7oTqziOssiXCx20r1tAkvl,2016-12-05
7oUjf3UvLJbRelKiDip47v,2014-01-01
7oUkPewtWnIAQ8MncVTXBv,2016-11-07
7oUqrkz1A5D6XIVZUya44D,2013-09-24
7oVEtyuv9NBmnytsCIsY5I,2012-06-20
7oVLiGq3yyLnGzlKvhgd3t,2021-12-28
7oW8L63y4SxLkdM4xmVLKK,2022-10-11
7oWLMzcLDmtB1EyToQmxli,1995-01-23
7oWRwMlEhJkuun1bnY3Chk,2016-09-30
7oWTG7pdu2OBmG7MWdU4oo,2016-06-10
7oWwsoYwHZhfAz54z99k9b,2022-10-12
7oX7pXziD0WcYYi8DLmvnL,2014
7oXeg01xj3djNz0PisDWXd,2022-09-01
7oY7CNk9rtJShki9P25ohi,1993
7oZA27Pgqzffx3Yu0923UT,2010-05-12
7oZhlA3QMOBlQNNBNX1JSE,2007
7oa8CQV3oVrY8jgPGPDnyb,2019-11-29
7oahNRcO0CxOOQWlqpuH40,2019-11-22
7oazB2sKLoBDC49smTIdoj,2008-01-01
7ob56J7oycNWZP29dTVVPF,2020-04-01
7objW5pQVFLJWwqRBAjOrv,1998-01-01
7ocUMTh2XF8JECuVErcXwI,2020-11-13
7oclqONQ7xtGhOz54q6NzJ,2014-01-22
7odiqgmzrLh19ERFa0Tj9K,2017-07-14
7odt0XkmUk2EGgH9pdzwRQ,2022-10-17
7oeijHxj3jvrdvPDltjIEt,2022-09-12
7oejXAcNuJwUqfU0ZcVupv,2022-01-10
7oex5ickCMbEeBYP9uuQFH,2022-10-07
7ofAy5giZlztBAX4BX9jLB,2006-01-01
7og8AbGlEOEA3bQY6cjLCh,1998-04-22
7ogBckkBvJJDRdn2ZNNUb4,2022-10-21
7oggOq7kvGjZ3YgBlPV0Iy,1960-01-01
7ogigweSsNAvKdzxIhahoE,2022-10-14
7ogonbgnGve7jxciLpcTCa,2019-09-26
7oi6r5fK0KPhaR2PVLvkyI,2019-03-08
7oib44NmCMvGNWnDDJjv5C,2020-02-21
7ojJ4XvqBhBcteM0zjMebT,1993-01-01
7ojaJj9jVskAln3lOmls94,2022-09-30
7ollbgEJRZI1rbNP5GlpVs,2003-07-29
7om4LRoSct9hiMPo0fPn7m,2020-02-21
7omQtrwyDfYMLqYtNgaKn6,2022-10-12
7omb6QCW8rN7ztTPViQ7jg,2012-11-09
7omxuGYsym1n2RlVf86OF9,2022-10-14
7onU54swU5qTb4HheZdgrR,1979-01-01
7onu9q98XjqZi8egiI1uDf,2008-10-18
7oo2wT4ibeCm8NIFGBDLXM,2020-05-07
7oohAw9hiIMJqnewJ7vhOk,1984-07-23
7ooqG9fOVJQsC4V2nsFE9y,2009-06-12
7ooqiuouDji1x9gvnGUTo1,2020-08-14
7ooyFTzdhVCHE02vrxhr6l,2019-10-31
7op5RCUvgqOJcKAs4rZw2N,2005-01-01
7opCc8G3b72KmeCVAjVvFA,2021-08-20
7opFSfeMfpGF3KGByMeunX,2020-05-28
7opmuePHHDBml8hNvrza4R,2017-12-15
7opsuIOW3s6e4vfXj6PIo8,2007-09-01
7oq30Ybi655pwJpXvU8LsE,2022-10-14
7oqZVbE2W4MCoMS34PPDr3,2017-06-30
7or4EBM9mSptrTR5CsFJQX,2022-10-18
7os4oiaoa9iyBrf9jZxmJ6,2022-10-20
7os9XpTNiXBjyAzLZ5AkNZ,2022-10-07
7osKwpe5bLHzz4ODiUr8jR,2015-04-01
7osiUHfgXjWSpctz7tJIk6,2019-10-11
7otMqoal858Z7BGMa62gDO,2000-01-01
7otXGiOBrTEtngSi5fhGAy,2020-09-16
7otdKb40Sx35ESUDzEdU1p,2022-10-19
7ottDUMz3VomUN2Ln9FWdI,1999-01-01
7ouBSPZKQpm7zQz2leJXta,2020-05-19
7ouNLsVN2jPFZrcnajBTKN,1987
7ovBMy5H4MINAeXD0rUJSQ,2022-09-01
7ovNetXenusbaOmWanOWJC,2019-06-28
7ovUSP7jWkzWR2SHptYJfd,2011-11-11
7ovnHrRosHkf4eKyVulwLC,1983-01-01
7owBQhdgyOyj71Z9awtgoZ,2022-10-05
7ox1JFNmfgRtUBY1kx2aIj,2022-01-24
7ox7vxy21ttBt1o7xIp1Si,2012-01-24
7oy1kNr40lg84AxBp3KEuq,2013-11-14
7oy990ck95NlC1wdjcJAmM,1998-04-05
7oyFihJppZYPP7o0NfoHnZ,2021-08-27
7oywdKWSg4V37AE05eT9bX,2022-10-06
7ozOQRMNX0SLRbUDsRrF5B,2021-01-22
7ozdvdj2ap3UzD9LiqfH0l,2012-08-22
7ozoh92RhH9OIxLRLNuCZF,2022-10-21
7p00m6KWofT0FGWEQoGEQQ,1937-04-12
7p00qzU7Rg9dHYn1dJ9nAr,2021-02-10
7p0g3EkZiRhs8KxV0yWWnY,2022-10-21
7p0h4RYJA700piwO1grdoz,2011-03-08
7p0k0d5AIIexm8mDTqEaS8,2010-10-22
7p0nLpkKaAeebJ1SIP46HM,2018-03-09
7p15KIBWivMZAAOWwBMeB4,2022-10-14
7p1EGod8p6Hhk90NBWGPOa,2016-08-02
7p1xc61z9xPE1RIWyQtEbQ,2017-10-27
7p25mnFUcirKATmRb7buYt,1994-01-01
7p2PLFrKrY9nc7nEdOocEa,2022-10-14
7p2PmcaQexuWvnaHSISBAp,2015-02-17
7p2bX5VCmu945fb3NGdgud,2007-04-01
7p30D2KjK2XW7YUvI6nH3o,2011
7p33u7IZ8j9NoQeI1v45oG,2015-04-10
7p3kqLp9dlKmsqMCSvxNJ8,2018-04-13
7p4GwFkLmIrqT9RTYAoW7J,2010-05-12
7p4wZH0qoJgxeiaMolbpu5,2022-10-21
7p51Rj1pKhCkCDHcXAIfdI,2015-02-14
7p5Fq35cuT9qs3T2SJszrQ,2022-10-12
7p6RXRFNp3KgUZmond1ACi,2014-06-30
7p6ZGUXjUe0ctAu5RNnghu,1994-09-27
7p6oXzBSPAXXz8Xb8gBPki,2009-01-26
7p70mJgsTpmjzS4Qh50tEa,2022-10-07
7p76DMzu2q7akS51ML4TVU,2021-08-20
7p7p8AifZ0dxU2shiq9Zd9,2003-04-15
7p86AB1S0CeNeYc7CfWvGR,2006-06-05
7p8K24Ah8YGyZmYIZtwySm,2003-06-01
7p8u5FfXdJQjosJNSnq56j,2017-10-27
7p8vwbbf9sMQbrdQrsmTlI,2002
7p9Gp8xvXI1oiXEvPBYMy1,2017-07-20
7p9dd71JR2ucoAuO1Sy0VZ,1998-01-01
7p9gx9CPDuNJZqAsP9SVN7,1959-01-01
7pAC4gwEpzuJh2O5JuCWtx,1989-01-01
7pAJpRluN4pLbHworvh0Px,2021-08-25
7pARbCUoO1CTzU5ucMEaVF,2020-07-02
7pAYcsrVnTfPSwg4NTQzBB,2008-06-17
7pAzI19zjpiXXr6h8C9Rsb,2015-08-20
7pBZjE2CwQEASbtd6gnDQv,2022-10-21
7pBrj5rt4SSxXwFKOyZfHR,2017-11-03
7pCOQEjSzfBAswhwEusLh1,2018-06-18
7pDUhxbAWlITdbP9JcjF5Q,2010-03-09
7pDdE5FLqcNCvjxzRzm80r,2021-01-22
7pDhyLPnGajdfLlLnQWzCO,2004
7pETV41GUutaZ6KMHMAYIH,1989-06-01
7pEXRliRn0FRDLwc7Kwyid,2004
7pEd3kku2USJMe8EsA67cL,1998
7pEhjFHWkHtvBMl1vFPtnV,2020-03-06
7pEmx31C31gIXolEdmjxj6,2021-01-15
7pFBMeAmuOT7xMeV1HAk5p,1994-01-01
7pFDsQwGEtu9mAOxmorBwI,2012-10-23
7pFRhCj70NUNZG4xMDEQj8,2020-01-01
7pFULalDv2RbnQ61XkfmKi,1995-01-24
7pG2mohladBSpE6CqxFik5,2014-10-14
7pGG5OYqGolNTxi7C7oKzG,2000-08-24
7pGLNHEf6uYcIExzrUsRxh,2011
7pGboneNRAZ5zwT7M3WayC,2007-02-19
7pGfo3x9VUrL9B7L5xuOgK,1997
7pGiiHmMfOPHVEXNnfqw00,2022-08-12
7pGlPdeDTDXK1iTvm11o3E,2022-10-14
7pH7Gj3mUwro3omQrT8G6D,2019-06-24
7pHHcwPFRIWH6g3kiLTlli,2013
7pHUAAEiXQMaZOng72W6K0,2020-09-16
7pIUiiq1nnrzP2mRdO05qg,2014-01-24
7pIUtnk3nvmjEIG4uGoDZP,1999
7pIizKkImgo7jAZnbpFF2R,2008-11-09
7pIorU6vXlFoXmHUdsbpfX,2021-07-02
7pJ8EpupQvfomVNPtfneql,2017-11-03
7pJH3YXNRUvq0ctKirL13A,2012-01-01
7pKAIHYZd9EuPgfcTs25Rt,1999-09-13
7pKLfNJY7SHmJNdu8pqZzc,2022-10-05
7pKMoXeiCv40wbrjII06VO,2019-06-21
7pKfPomDEeI4TPT6EOYjn9,1971-09-09
7pLuEMFougkSHXrPBtNxTR,1984-07-16
7pNQQkZ7VHvvr1Y6wcmqZa,2020-10-07
7pNh0Ebxu0mIZq6Xdmgkc7,2021-12-13
7pNzZIVe1aTino5pgfQtlg,2017-09-28
7pO8TsOPKQCgFVLYkoCiFV,2022-10-20
7pPC5HCNTfqS9JNWwua031,2015-02-10
7pPVeFFO5nh2sk4dqh3fAY,2013-07-09
7pPhKV991VkEc2oGCV7eSD,1999
7pPpMUirISni1rDOemzWLu,2013-09-22
7pQ77gPBg3tGNM5cLVi4uB,2018-10-05
7pQCFdcOmQMuI4SX1LrspN,1990-07-31
7pQJ4WRgIFCIHgrfRwwBSD,2021-07-23
7pQLDFpyHjAJsnloiDAEZS,2022-09-27
7pQQVtcgnpi4HT284JOZqh,2013-07-24
7pS3O75hJnthHr64tlpqPn,2010-07-23
7pSGDxbo40mGCDRGapbQda,2012-09-03
7pSRJ4nkvPMlNWkJWmJqTy,2007-01-17
7pSYz3CoBpjJHj6S8k575N,2019-04-15
7pSga5MXj7IbOuRCVuadBR,2022-10-14
7pT6WSg4PCt4mr5ZFyUfsF,2018-11-16
7pTYN6Gxy3MOibdXmkzc5V,2011-10-21
7pTdgwpdyloAu2nhIHocR6,2021-10-08
7pUetcOlkN6UEGvYfVQVim,2018-05-19
7pUg09HgXhMEGpBwjjRGDB,2020-06-19
7pUlyPnfIazElqMI7XL4MN,2019-07-15
7pV7A75agkBv5Vnl3PqvwD,2018-04-06
7pVA4JwDYBxOewVJlstOhQ,2022-05-13
7pVW0e72kVNeb6HtVz4sAu,2007-07-17
7pVuGWgUcABk3ToWt2hGNU,2020-03-11
7pW8qktBmU1SLIDeiVb8PP,2012-06-11
7pW9ORO9s2w7khW7LXm5qF,2018-05-31
7pWAX5kJBULFTDNiH8oB42,2020-09-14
7pWK1kMgHy5lNNiIfuRbkP,2019-10-31
7pX4qG17mw2Q8z6G9cbf0F,2022-10-21
7pXZmnoBboyiGn7RfogKnM,2007-12-21
7pXiLEwD2MGi404pYzmMU6,2022-10-14
7pXmtwVyhjReFkbb5MiEn0,2022-10-12
7pXuB2ZfTEmltCxaVCxhWf,2022-10-21
7pY5cCXrfT08wCKSEDwIyU,1990-04-17
7pYMmSSlsSsrygkg63YJEb,2022-10-12
7pYVIpuFrH2cDMseplG8Jn,2010-11-26
7pYbw9aMiIIcl54vlUl17L,2010-03-30
7pYf8qnRqAK6YxOm97vttf,2013-07-03
7pYnLi9vlykbyjBvqvLNGD,2020-02-04
7pYtl9OXETa8itI4iFjMhJ,2015-01-13
7pYwIAHOX0YvKFLOg5hhZm,2002-10-01
7pZiron0VqKU33M9QCuQL1,2013-02-01
7pabVXAyPmoiYkIEwRZ1z9,1995
7pagL6jtEVbRq6vVK6ua3S,1998-12-06
7pbEKdMWHGwPQSDGfcNycM,2001-08-22
7pbMkDgFy2c2qwiu8iMzNp,2015-10-16
7pcK9LVLKWa74VrXIBfufo,2022-10-21
7pckudLKGnBOvSoStb1lFl,2018-07-20
7pdODLWQQcPNKeNdD94bC4,2021-12-31
7pdl3sOU1rEfwqNFRYHTfX,2021-06-03
7pduiUjOatl9Adgne5usEb,1997-01-01
7pe5uLgTTJwaCkbMyJT6Qq,2022-10-14
7pe7Q0c1aURP49L1ymsEPk,2000-08-09
7petzbAJP403GAY6F3Zfbx,2017-05-05
7pfC2uUEuDEzMYKVblIXb8,2022-10-20
7pffQcURH3ub4H13KsYaxY,2013-12-11
7pgFHs8K5OgB9PGDY3sysE,2015-08-07
7pgIbZ3tWdXLUAlofe3r2i,2022-05-20
7pgnPWyIZXRi677LWtupzM,2019-09-06
7pgrtaEuvl8zpBC80CDKYS,1988-01-04
7pgxSWFaZqPukb2oes8M5W,2020-09-25
7ph7HRUsxYcKLRFTaYCQYQ,2018-04-25
7phQYZpDdrK06KZTKnaYBI,2019-06-11
7phYAvy0VhLlNAh7EBCVFT,2019-07-12
7phf3iuemxpzD4UfZb1SKo,2022-09-23
7pi6pyhxnNjch3BsefiPMU,2007-09-13
7piKDEjJ5IodOee9jM5PJ5,1966-12-31
7piw04hPQZ1OHZ9Fq9JOXR,2006-06-25
7pjEgDeUsyWxFExNUz24li,2000
7pjj6hVH1uh9Mf6rQ6QO0O,1998-01-01
7pk1VW7qa7zBQDbqMWydUD,2021-06-11
7pkcq0eJMvqvaWvKPHbnXm,2004-01-01
7pklfnfh25LoFJEWdU2IUi,2014-09-08
7pkpcvr2vRnOqvDqXAxHTC,2020-10-01
7pkpdj7AWQjujxxe38WF8f,2021-11-12
7plEU7JjPFIFWa0UdWYVPN,2022-07-21
7plI8XMJN3vIlPpSQAeIuR,2018-02-12
7pluJ15vmT0NZdX2lmIbBI,2022-10-14
7pm3pLyVVwR8bEO6OtaEmg,2010
7pnGjHGKLa3tiBP3gGFsON,2021-02-12
7pnQ23WgZca9jEfMts9qsR,2021-02-04
7pog5PPLDv7NcGO975f3EJ,2022-08-03
7ppgcZDwyvdftL8ACUG9TU,2005-02-26
7ppwXpNT4CBgzEAuYvhh8G,2022-10-21
7ppz0b5ecGXM8xHg5yGDhK,2016-07-29
7pq433DWGbLDY6RUt8BF47,2014-12-03
7pq5vONxrAy8T773nhkiW3,2013-05-13
7pqHhx2PTyBCnyXUiREg5z,2010-01-01
7pqcJ1n6HiGx7vOiDcb1Ml,2000
7pqcbFqXzHvsig9mog9cr5,1966-01-01
7pqgMEKsDMOHUdFQ7n0N9K,2014-11-21
7pqp5R4GY8HTaAbpAGZJFb,1996
7prqZ9Le5L0z6DRYcnhghP,2018-11-16
7prrfMtylrvzS6ula7qmFN,2005-04-20
7prxiVvo6fbsorXZmgXkpY,1998-01-01
7ps0lU6VumdsH5JqAjzDRm,2019-07-05
7ps5r950ddUAvfncnd2HqD,1999-09-28
7ps7z3HNmjHWNS9kzNjle2,2017-01-27
7ps9nveGqxcCMgzmlkZPVm,2014-12-15
7psGiuDGvnkSvcyZ59xggi,1989-04-18
7psofiqt8ta0d1q0l5YXGk,2022-03-24
7pspftlgg7QZ2xsGmXsAZl,2017-05-08
7pu8AhGUxHZSCWTkQ2eb5M,1981-01-23
7puqAESopmIgOGQupanrV8,2022-05-26
7pv5juhfq1kco6wioikGHt,2022-02-11
7pvMOx4cYIamyNeYLVhTWS,2008-06-07
7pwEKNMaYtSKx3JX9XWGh4,2018-06-06
7pwevow9OxZGfvoIwnFoFS,2005-04-29
7px2WVx1sOFGF4eAYi73wA,2012-04-25
7pxBu2CJ7Al6rvJIcUThP8,2009-02-02
7pxRBbUWBcVoTWi3MiFl6V,2021-02-05
7pxbZ29k1LJXvOdd2e5Bdn,2019-05-19
7pxwA1zp87Md2flPamX3IM,2016-12-10
7pxwleYBcmF8TpmOZ4oz4m,2011-12-05
7py6vU2H9mlNd14m4g89gy,2022-10-07
7py7HijGub78kaHNqvUvC3,2017-09-08
7pyF5eghFou5RDlFPOAuJk,2006-10-01
7pyMfnG1QbaMfwwSEdaSjY,2003-06-01
7pypsyGCvT5yUKXuUuXc3Z,2003-02-11
7pzS4pYSaQmdYSOtTZysQ8,2009-05-08
7pzVg3DrKbo8JMJFCHsMQ9,2002-01-01
7pzmi5gPhVaiu12zHNzykL,2017-04-28
7q0T1eQNqPrCa2yZnkeEk4,2016-11-18
7q0aUtx8LsnYpshwqjzkhQ,2011-11-01
7q0tXPB1ff1cXuVhNluKz4,2021-01-22
7q115ia4fQn9zonjpexWsY,2000-10-24
7q2IIPfDKJys1lhiIaIBEx,2019-11-18
7q2MGRYsOfn9wJ6gQ05KtE,2020-11-13
7q2YcJaxk5Erqn5NNUEvKk,2022-04-29
7q2b7oG0UIDtl0rxQSeVwq,2022-10-07
7q3qsU8mNnr1pANByJoQWK,2020-08-21
7q4QI51i0qedJfEwO9CQHd,2010-05-07
7q5EL2XutYPy8VyYuJ9WJB,2014-07-09
7q5jx8vR6RXtRO8aZ3dpG5,2022-10-07
7q5n3GOK0ckWY1udaSNFXt,2022-10-07
7q62nEDFHW4Zdp6VRlB8sD,2017-01-03
7q6BeS7dkoBn0HCiIYHoFz,2017-05-26
7q6UdWJYasInylO1Dyrwta,2020-06-19
7q6WQDxck4kIeoACgtV2Gs,2020-11-13
7q6lr1W6cmGWijl5kCv5RG,1993-11-05
7q6zyz40cyqctGM446Q5MQ,1964-04-15
7q7MXZtZD45z0fWz2T7mKU,2018-06-22
7q7eYVerltlW2sYBuga6Mj,2012-08-30
7q7jB2AIEGwFhoin6sWHwr,2020-02-28
7q8P4uyBBOW8VadS69xgOc,2005-05-13
7q8TrL8QgMP9lWTcaYmGZ5,1996
7q8kSbo6psdpdfiS2Achzh,2021-04-30
7q8xQK3L1z3Vt9El830B6O,2021-07-12
7q8xVdmpBJHNOA6pZq1Hhw,2019-05-31
7qANzA00oGRCWhpHgbVzkO,2017-06-02
7qAo2NkNmWt0uwbIlgHAMX,2005-05-01
7qBiOYI0OBAOYAEogWz4uA,2021-10-15
7qBnjSEWqVNXw5AkYfkOrL,2004-12-06
7qC3hxepY3cTpeL2Vs3rHN,2016-07-22
7qCAVkHWZkF44OzOUKf8Cr,2017-01-20
7qCHqtiSiX3T09ErW718yQ,2021-07-21
7qD044i1ctJDfzVE61E7Nk,2018-02-17
7qD37fdKHN4h9we5DwUen3,2006-10-17
7qD46MYIys25wU6oKrW7LB,2006-03-25
7qD4aSbbZT1Z5guskaz2eG,2015-01-20
7qDP0W2eaxIMvbcsYW7T56,1991
7qDV8EUMjj5sJdholWKUqk,2017-08-18
7qEHsqek33rTcFNT9PFqLf,2019-05-17
7qELh1G8CuBOVpaL50bAAn,2012-11-05
7qEPgeBTHIzhc8ddT725Yi,2008-04-01
7qEc8nbrfXwlN8MkjzAxQn,1997
7qFAGfNIavKjZT4PhzHo7i,1994-01-01
7qFG81Kqnvz5d9kKQKzZfp,2011-08-31
7qFW8kp1WUn3nvWYDjhqI6,2022-10-05
7qFbGeqWhlM9DQAwNOI9Mz,2022-10-14
7qFtcljd0PZ5kJZos70YjT,2021-03-25
7qGkYGgoiOmPeOkdOpsFOX,2014-11-21
7qGpYEca4muf9nKvCso8AB,2003-02-25
7qGrjVQQmh6blinO4DyK3c,2009-01-01
7qGzgOQYxfLbQGqZTiVqTl,2019-01-25
7qH7pjTmQTOsnDN8IYP4jy,2022-10-21
7qH9Z4dJEN0l9bidizW7fq,2017-05-26
7qHMaeWBGykUXtoMQLkIC4,2022-04-21
7qHPp1beQupJUzwRyVtoyy,2020-09-11
7qHsCaERIZVnNsFjmCkjSV,1997-04-01
7qHv2Q41uBorzTguYfbUOw,2015-03-04
7qIHbNBlqMJnID5l66bLN0,1999-09-14
7qIiirN1hw76BVUA9OfMbx,2022-10-12
7qIqOFDgHqCC2xSkvU77xV,2018-11-28
7qJTx6D79BV0misxpST1xi,2013-09-24
7qJXdjME7YNzlQD6nZRtMT,1997
7qJtNgmUyzy3R86vJwk9Wp,2022-10-07
7qK092JIcSBjfRq5GITRVT,2017-07-26
7qK0mNHVdVbnqt3Prd26Vs,2019-08-30
7qK3JFriCqLorQivsJYG2X,2009-11-03
7qKJrZMPjT8W0tv7wFPJ9D,2011-11-01
7qKMFqPDqD8QuwGutv6F5m,2021-03-12
7qKftNvnYRgHMm4GOjbVEe,2013-01-01
7qL0ktZOvAZ5anQ9rDpbru,2021-07-23
7qL5NqnxckzlO3FqVSwmzg,2021-01-22
7qLCIF9TBBfMp14rNm3h8L,1965-01-01
7qLJmyRxLZCf1ifZlJ2gMZ,2014-04-29
7qLXg0KmnkXkdVF6HGH7Kg,2022-10-07
7qMCYAkTTbFOw1hUXvAAje,2021-10-20
7qMFw62zGbJy6uHERqZFjr,2022-08-19
7qNS4GwQ8xn7twyWHIZk3C,2022-10-11
7qNaY6MtSi5omwxcCRXnja,2021-06-04
7qO44JsJXP2PSGutAI1mY8,2014-12-01
7qOBXSVpUgiRCHplmyTPb3,2016-04-19
7qOO5OuVEs4Htb3gsMaXZB,2020-08-07
7qOTekcfMJ4wTQGXoJH0ah,2016-07-23
7qOUyZN0hKd9f1a4f2TWCD,2019-12-21
7qOsSOpiL3R8RKyiBtIYNQ,2022-09-29
7qPGnjxHQNIv4zlnk6LxZW,2020-07-31
7qPhiEArDUFJ76M5y3Z75R,2018-09-07
7qQPvdV9ussEfEZ6nfhbqr,2022-05-20
7qQTPCHqRx0RQCbEyqjHz4,2022-09-02
7qQcB53fO6DscCmzBo1DXV,2021-04-17
7qRK3Ho1Ihv8gJMXxKfKZm,1993
7qRdYNa76Z6Zh6ZUQNRday,2020-12-06
7qRmdDl9dnHkFT4MMboG7Y,2014-08-22
7qS6cgQmdUDSy8Y7ZtfjYZ,2022-10-21
7qSkQJ5yeqXdJZjvVBf45e,2022-10-17
7qSsqWfVBJ6LY0BL033PzL,2022-10-12
7qTqmU0DoFngX9NFX4vvT2,2022-10-07
7qU4teUQNnqYr2vzTcLVZu,2020-12-18
7qUQGYIqnT3aySe3apNgUD,2019-10-11
7qURBJLy7dtLLSv71a8XOg,2010
7qUTZEf6bgiApJEXpMAH5y,1978
7qUb6BBc7tWGPO8uSAoUei,2007-03-09
7qUv2Tq895aJc6g4O1F6Zs,2022-10-07
7qV64D06LiaAKbVEWhQG6v,2022-08-04
7qVBYfgJLi0itgP6afvrf8,2013-01-18
7qVYQgZfZ9QVmm7RykKKcD,1979-11-21
7qVtdNatyi17uHeCuzqfzy,2022-10-07
7qWXSnQMeeGHkKgDjdOkXU,2022-08-12
7qWobXw5X9lTsevTUvF4Js,2008-09-22
7qX5ga4mGdnAI5EJoVQr1u,2012-05-01
7qXOU6cphWamDZg2vYm3iw,2020-04-03
7qXar3FbocfVFYh5a2hMEY,2017-12-14
7qXftOJ8aDwpoV9OBXJj1a,2017-11-24
7qXhPWK8VR2gJCGZPObT2U,2019-03-08
7qXqt0NEitDLilLTHzz5Zl,2016-05-02
7qXsZVv7sdcnYNqCT8RIGh,2019-05-24
7qY7qxZEyLcxxwX5D3lQdj,2000
7qYmYGsbl6GSwtvtCESGRe,2014-01-01
7qYoRQupD9jJ67CfbZZl7g,2005-12-30
7qZOnik9K8Mv987ccBjwwj,2018-12-07
7qaaixGlCzurV30loAGNyz,2006-08-08
7qameUqo6R9uOsNLpJVgY2,2012-09-25
7qazSbDDqnhimUEZWJXmHb,2022-07-01
7qciZ2p343vbm6NXzPtehK,2014-01-22
7qcrcJgbl5WCiLVpPNCPqd,2010-06-11
7qdD6sYyz0KPqdeSjbG0GU,2021-09-17
7qdNE9DyIKk3invtcxdGG8,2021-03-26
7qdPnRNw3pBcUw14IgUOE7,2000-01-01
7qdx4UFe97R1fsiHIUmaVv,2004-03-01
7qeSsa2iFblJGT3uoTLw4K,1999-05-16
7qekEQyGFRim7qNhxzkaLo,2011-04-19
7qf4uiDib5QRSFto3wHBS0,2018-06-22
7qfAfl5pbXRFxSfE32e7i4,2010-05-20
7qfQtrndDgwAdWviYa4eSl,2018-12-20
7qfZTBNZQqvg0hMamrAQB1,2019-01-11
7qfoq1JFKBUEIvhqOHzuqX,2015-09-25
7qfwcqfGOkQYtzjF4UzJHM,2014-01-27
7qg0rl82uh24xFzV6Zi922,2019-11-29
7qgriF5S6LAbi44rl80boS,2019-08-20
7qh5a3izeitXDC4kByQUGx,2007-05-01
7qhGcnnBGvEBshjlq7KiaB,2005-01-01
7qhOEYwWarxO50hAZkEY59,2022-10-21
7qi2etMqE2miDpktF9PBwv,1972-04-01
7qi8PlJuBMxK6uxvJDISsA,2022-10-07
7qiZfU4dY1lWllzX7mPBI3,2017-03-03
7qibGVhkRyQ4kgYwzZu7iG,2018-03-09
7qifXxszXjUIsx0SKeADUM,2019-02-01
7qimFcJMQ4pCqxLOCtEK3M,2012
7qj4VbHEt4L11MZlndTQ5V,2022-10-20
7qjF1j0sMTLcmiTKXwVh09,2018-08-31
7qjtrJaHS4FPCaiR0s6TZ1,2017-11-24
7ql2RUmAmj36tkMUNWo7MT,2020-08-14
7qlsO3Zb03wszBnSlXxykA,2012-02-14
7qm1JpihtROAIU1XpvqYHS,1988
7qmQ9XrTcARzZIE8A0n2Te,2011-05-28
7qmj6GXCoataBL3kBYBrII,2021-02-19
7qmvLmX9tyaTiBAVNI6YEn,2016-11-01
7qnI3niczqy9NE4ovmxk4O,2010-08-31
7qnMzmG1idyOaphSDgX3ry,2021-05-07
7qnYgl4m3ImEFCqEDXfODf,2006-01-01
7qo44OiAdm06iog7EQeyOD,2009-03-03
7qocVsViKwYUfDrUxudetv,2001-09-20
7qol6vGF1Tp8QZMXQfbHqL,2018-11-07
7qp6YCC0NO9YT5cvn9yk6M,2020-08-10
7qpLvsz6U3TSYxLIg82tVd,2022-10-07
7qpPZcSLlr1jJKpSeHzwB6,2013-02-05
7qpXCkcr3Zj4LDvdiWryns,2020-01-24
7qqGXIHnU512jOhcjZg8Ox,2022-08-03
7qqX9USUjXHTBVeC0kLeJy,2022-10-19
7qqXINzcD08Ek8RJuc3Cqx,2022-10-17
7qqnbgkCwchM2CZnATg4nX,2016-11-18
7qrBYrivpvfXUPBMmqh3dA,2016-10-17
7qrvxjTqvXvaiGhnUfCOAB,2015-09-22
7qrx7wdYhAOotAX9Cux06s,2022-09-16
7qsLqfXB3JPyYo7UiHwRkZ,2013-06-21
7qshDjYWSQ3vVuonlsdsvg,1982
7qsjrXn3peE4KSg9ecUnMa,2022-10-21
7qskIwxHbadJG65YQ5y2Z9,1998
7qt641kuazHzMIn4lbkns5,2019-03-01
7qtz1mNAD4CQMiIcfFRbj7,2022-10-07
7qu5sSHwU8WXa7AVIxsKbx,1994
7quFUf8mR7wUxeJip0awxn,2009-09-03
7qubRAWtXlhLkrHPRyLhjj,2020-07-01
7qukMXPY4zpdDLLHi5wLA7,2015-09-18
7qukgUf5XR8WsMUbBCbuHG,2020-12-08
7quqlwdjRnsDvV8r4KSQE8,2018-05-29
7qv5uwCfPLt18OcGQSHmi1,2020-12-11
7qvGRrYCEOXLkg3ax9mfUb,1988
7qvmmQMaJ9EdxeFChIyNhu,2004-12-06
7qvxyKLc49nd9kGXpT5S95,2022-10-14
7qw0QoPpGGH9furR1az9u3,2016
7qwIiNFri8RklFl2hJt5JV,1989-10-10
7qwt4xUIqQWCu1DJf96g2k,2018-05-25
7qxDU2QyH24KHW0OSGotVw,2009-10-05
7qxMJuGpIJsqfLSBGgbW3K,2021-08-06
7qyoSDKPhdVN6lA4Xtc6fC,2010
7qzZvMg9Tdxq98mZ0dmCYi,2022-10-21
7qzsvHOsaJdefeDwyZNGjY,2022-10-14
7qzyfdV473Q6utN6tlJR42,2021-12-13
7r0YNXexEsShOd39hql2W9,0000
7r0vc8YhfpwvAwUR4oqqXe,2021-01-29
7r0xCT94YWeHn25IZ8vWLC,2000
7r1AZDkEpEHiKwlEXNShBV,2022-10-14
7r1FJ6IvMqNr9WAWiXFB5w,2003-09-20
7r2o53Emfp2ibH1IXeagGw,2017-08-18
7r37gypCYvuTUhhnQBh4PG,1998-09-22
7r3taaQDPfaQBUwzWDP1WB,2022-10-14
7r48j4khJzIT2uqcIU33ax,2020-10-05
7r4WElntGwUCc6rQCnnfPH,2007-01-01
7r57bOV3PA73s5bpjHH9u4,2003-10-23
7r5De6PxH4Eax8jXMj93OB,2022-03-30
7r5mwkXhvyT6h62u0xEZY9,2021-09-25
7r6FF0z6nA8f2RQPP8bqIR,2022-08-19
7r78WlCfwbSUjh09pSLYVb,2005-03-15
7r7PfqIg9DthoeVSs82jbe,1990-01-01
7r8eUoC7iw1GO9WfFYddKR,2022-09-15
7r8lp6nukhNPK9QPC79k30,2019-06-25
7r9kOxiNDnkAg5QKqtyjVk,2018-09-07
7r9v0CLTunOwlbvdOFFgZo,2020-05-20
7rA01aOgtN0zTzBhrTLZ1G,2022-10-21
7rBIb2RrAlLwEhOiDvSqZM,2022-01-28
7rBZUdVNrNxucV0E3bjgec,2022-10-14
7rBuZl6EfQGqQc16peGTS1,2019-03-15
7rCEJSGN8PcxRgmDXdlQI8,2020-12-27
7rCPqozoQ47PjMoX2Er8bo,2008-12-10
7rDQqna9nGhRGJWsF4Vc5p,2004-03-15
7rDUb2QJruqrf7DOCkIrhc,2020-05-29
7rDZ4nCDVmaKrJeJacR0ih,2018-03-29
7rDbC2tcM7tlgK5IuXuT2c,2008-09-02
7rE9wYXPgLqZsXVxn2JhU9,2017-01-04
7rEU8fXG9VhwOQUeojzqJ3,2012-09-25
7rFgI3Eheia8if1oomu944,2018-06-18
7rFkmqlY34Jt0iRfENJoWM,2018-03-06
7rGN3oqzCpG2mLcwoPwDQm,2018-06-29
7rH09u4SVgZbrbf5nuMFtC,2011-07-01
7rH4Wp2iuM6ev0JiKMMor2,2021-11-12
7rH7ZOH98bdupI0LaV08jp,2009-04-01
7rHE4PloC8vRDOmbNGOsJV,2016-02-26
7rHkXsc6Tl2Qu0IdQyx0oj,2020-04-17
7rHngfJdClCuOI38NHLnzN,2014-11-30
7rI8Y7mwHhaEYblq7wWtdb,2017-10-13
7rIBp3U5Igzn44l7Z7mOtE,2015-12-02
7rIovIsXE6kMn629b7kDig,1978-11-27
7rJ91QE37Wwo5Ir6OMKCAh,2019-05-31
7rJrFX4RyhDJNV9nQIPw0y,2010-08-02
7rK7bQV2giqvHymQDyI5hY,2022-05-19
7rKS9FoVpE1mLrbxCnlokX,2018-08-13
7rKT0Jkav0cc9BB1XA3BrB,2006-06-06
7rKbEYCMz4jAaoQhaz4pct,2002-04-25
7rLMiboVmBwaWIP9UI4Ph2,2000-03-30
7rLob0EW1EVuqyvsTV7odq,2001-01-01
7rLvsAO1yb7ElxPhkz60qh,2016-08-25
7rMB3EFvXYfXvkw7BBLoX1,2019-11-29
7rMqbvNImA6wy8lxlNUMmj,2016-10-07
7rN1USAZLV2lsOT2e3ExHk,2022-10-08
7rN3zSvSTVeXYyAqOHrLmM,2022-06-10
7rN61YZcSXeorfTlW1Tz2x,2019-05-18
7rNId4ShHsjyDQJpiLb3Ja,2022-10-19
7rOcHMYABCWUrgZWzQoLem,2014-10-06
7rOha0V5U1XLSzmcDgsRxy,2022-10-07
7rOv6HovIJvYHXCg0cVfTk,2018-04-13
7rOzf8Tw98uePHcZvRWxx7,2020-07-20
7rP3F1ZuTlxAjqVtwr8ien,2018-12-15
7rPFGFXy4e06icrXPUYaVN,2006-01-01
7rPHHJMqOpJyf3raEuI5o9,2018-04-27
7rQQ4NeWfkLIGwyFNLRXbJ,2018-01-01
7rQppQkXdaEbQI4wq22I7X,1994-09-01
7rRTWz085qItgtoJq4A36h,2021-02-28
7rRYiBxeudiHMNmgptnne9,2021-10-20
7rRus1tQw1WnLHDpxDJ1SC,2019-01-04
7rSERmjAT38lC5QhJ8hnQc,2005-07-19
7rSHxi4uS5sKVfPlnERhEH,2005-07-13
7rTAIWzd94jpJdJ3DyqGw5,2001-04-11
7rTFl1nuM4mMGcMAhmOaHi,2018-03-02
7rTJtWW8I6ntHDHWZBgMg2,2017-04-28
7rTT8Gofpgg4NAB0q7kEKd,1992-03-25
7rTwRaALIQYmNcDitHeqlC,1995
7rU6Iebxzlvqy5t857bKFq,2008-05-21
7rUchbZxrhF29Q0vYjKEU0,1996-02-13
7rUo7Hysz2bTzhQpZBWDOY,2022-04-15
7rUxkhbAsfGNg3YOqwwX4R,2020-03-25
7rVJVRNCAJkoQ2ta6E9fY2,2012-01-01
7rVOU36Rgup3pFGNA4pLOy,1998
7rVaxX8zgeCRA9lhdaNgda,2009-01-01
7rVp7JknHf1lmd7ay6n0RR,1993-01-01
7rVw4gyhclOgTIrFCtI3ZG,2022-10-07
7rWLqeQJabrK7FbY8X0TyI,2020-04-10
7rWgGyRK7RAqAAXy4bLft9,1979
7rXAo8EAnXAZFVBZ4NCGPN,2018-12-11
7rXDc2ImBGwcypUFbNqbFB,2018-08-05
7rXDcLZpYYCJ4oCeTZKmLI,2022-08-19
7rXYrysPjh6AHwV2rb2lD5,2005-09-19
7rXcCpIAoOUCydkVDMcoPV,2022-02-14
7rYO8GdgPhBot0vfZQNizW,2020-10-27
7rYSoPWMuQKfMqcems4GGj,2022-10-21
7rYdfR1PHguFvfYUIs0ehf,2016-11-16
7rYkucFvSGUfikoADR1YiY,2020-09-21
7raJbk0uG31gczoFR5KOpg,2022-10-19
7rbIaUUlcwCa1PZMrTErxq,2019-12-20
7rbQTETYvPy8mgaGZSImkB,1992-01-01
7rbTPCGi631Rlke1hfHGkv,2013-04-30
7rbf2vSgdQlPmm6AqpYO40,2020-11-20
7rbvjRc6ZTVA3GUXDx3Xtr,1979
7rcUQ1MCltCzWQHZCQhiym,2022-04-22
7rdj6TWqy9HOLS0suvco5R,2021-08-30
7rdk62TDoB1NbWlLW8kEOf,1996
7rdnB5DAyPbaj51TCQRcqW,2018-04-13
7rdrEpwnH1KzCsbiBUxPYf,2013-09-18
7re2pivIcLuIxwz3LRhpwA,2005-06-28
7reNqRVI0aEGua98efgJta,2011-01-01
7reacGAkqHrjhdTk1VRzNe,2022-09-09
7reoZz80hQYuWtEn0Lsd0p,2015-10-09
7rfiY70iHJfHtPh8BqIQ8D,2006-09-19
7rgQx9d0qj0tgRGuhq4Fca,2020-01-12
7rgUYidQh5tH0YlXCoKaYJ,1963-11-22
7rhVGmZnwvqg2z2JJedkMX,2008-12-19
7ri2wXigElmFVgF5CAcrSF,2021-05-07
7riO9bFymC5V7q7TeJXFje,1983-08-01
7ridH3hy4aXG6Kn1XomKrO,2021-04-16
7ritPWOWvsthxFDxOz1OjH,2009-10-16
7rj0xtH5Mw7ywFt0thNJKu,2012
7rj3An16vKqwEevpBqFjXr,2014-06-03
7rj3r1ghpdIbxLbIIbYnP4,2022-10-14
7rj8aNwZqTvrUeLlAyNWtZ,2016-02-23
7rjCDnR5ukStAYnVE5eXED,2017-08-07
7rjFYm6THGNETjg3vb1Tof,2021-04-23
7rkMiYiE6vACdcofgjoP9z,2018-10-12
7rkZSy2I0RFQiAZcZEvZvt,2013-08-25
7rkjOQTeK5G63G4dpWdc6A,2014
7rkkhMxGDlfpHtV9Y9bKsC,2021-10-26
7rkp1ysBSmKiVLb4T6fMsR,2020-01-21
7rkzy12RaGPUbIQ04mwRVQ,2021-07-30
7rlDUeAD7fTu9M3Ng8XMC4,2003-07-01
7rlUOjElFhpMvCIgv3U0r7,2005-12-16
7rlUYt3JTteF5OqEnx1UYf,2002-02-01
7rlulUEMn27TLbdHpNPugE,2022-07-12
7rmwtEyVrmLOT0ibOGTB7Y,2018-10-12
7rnDZfdq7rNyAWLCQ9vpLv,2022-10-11
7rnbOMotp7D3BbxWIpE0QJ,2020-05-22
7rniJWFP6BPyVrkcJvPvCv,1990-01-01
7rnqq7955ubY95MRPiRpue,2011-08-13
7rnxOjR4UM4OuNnWPe1jWt,2018-04-09
7roMRtGTOeWIcvYS9IfMFo,2019-03-29
7roRA1aMpy9axwLnwdFhOb,1983-06-30
7rodZ1M9j9LLZCUvCK5HDT,2021-12-15
7rojor07Wzc7w3zXOxex80,2010-01-01
7rov9t2lm3sU6OtoCSpcyA,2013-11-07
7rp7NfjCrpKJeMSf96mLgs,2021-10-13
7rpIQ9kIrvwAcRRRB0QW3C,1992-09-21
7rpWDu9GPlLxbLorYKVys7,2019-07-25
7rqAUvqxpNHKgEFQw6sFSt,2018-06-29
7rqHDLh1wDJEVIqdwqhJ55,2022-10-07
7rqRdS3vnalxld1CdxAjZh,2020-11-17
7rr6n1NFIcQXCsi43P0YNl,2018-01-18
7rr7x93CJNAhQv5jXDjRe6,1992-07-31
7rrYJ62gWbZmKQpazFR0k1,2022-08-24
7rrrySGLL4JRDm11wNOw0e,2021-04-21
7rsUifShPeGcyX7jCAcoUF,2022-04-01
7rtCj2OfL0GChOsaSgUCWq,2022-10-19
7rtVoa8YQPHb1dQyhOxCFm,2020-07-17
7rtaBPvxCSw2bKY8miNyLa,2020-08-03
7rtoBjKmANfE5lEd8J64uq,2017-09-01
7ruJnH1BbrDaWNEGoww2tg,2021-06-11
7ruM3r5PHWwYXB6ZzvOkzO,2013-10-11
7ruWC3ciPppmxlZnjOPhVn,2003-01-01
7rucgQqmhgmDNfU5C5MrJD,2002-10-29
7rvWVAM7b9yNkQ5twoxvY2,2022-10-14
7rvojCfj1DHGLzDWsYvXqy,2014-05-13
7rvu3MkE9B31k1Otu63uop,2022-04-15
7rwHRvR50VhG135VmovIe4,2022-10-12
7rwZD6MHLSuF2d9h5bnZPz,2016-07-01
7rwe8s6fObqAZMRE2B1Tup,2016-09-16
7rwgTaHmd0vgpxcshUNCxD,2022-06-24
7rwjSbVKIhvcvU14gqnXGF,2018-08-17
7rxbsAuzg9eKeVj40OQPc8,2020-09-25
7rxor4wIQXhH7EdhEHR3Oz,2020-07-03
7rxyem3ajHOyoAYbheLr38,2021-04-30
7ryUfJfr9GehdSJrTTybbC,1986-01-01
7ryb8hcjC61lLTmkD8djkt,2015-08-21
7rz0EoPolZisL0VKiIarHG,2011-09-26
7rzjYyILDQGOAm8kBFrZoh,2020-01-31
7rzja9bo3uucVXzVDSBOWi,2013
7s0LZ16wKs8MoWYd3SR6Q6,2016-05-15
7s0qlp1ibUxVXLsOM0YWia,0000
7s110BVIPaRVSvmUCj0JPD,2019-11-22
7s1KiBsH0lCggKO52Qir6X,2022-10-07
7s1upm7yr7ZjrzXMwHawtG,2015-04-27
7s2OAgMDtuwq8F3DaBhunU,2022-10-21
7s3CCbaHw11Xi6PTrdx8qK,2022-07-27
7s4OzTii8GuaYPiTyopjI9,2011-12-06
7s4XK58jwdioXsBdXianI8,2017-04-07
7s5r0wxGA8YAG9LswkHreu,2009-03-30
7s6PEaininXkVBJr2RRKub,2020-07-24
7s6nxhHRpKP3l8slxd2MrB,1963-03-01
7s6yy0SWZ4rluoQZsvJa2D,2000-01-14
7s7tX07Mde3ouaIf9hmvSW,2022-09-20
7s7zrmC4CwKyua07VUS44S,2022-10-07
7s8KnzvB2qfpeOrlpKpH28,2020-12-18
7s8UULMrFE2iq5dvHwzrNr,2018-08-31
7s8VgA8OjvwBUuigKzEGBx,2015-08-03
7s94rFwLDopCu7fA3cpqHu,2022-03-11
7s95qLaO0CHpjxXkb5YWea,1994
7s9HsiULRT05V1cdp6ChuT,2022-10-07
7s9KzKesyHu8dZyTZ5Rn1i,2022-08-18
7sB14XGjDap7MksnZD4kBc,2021-04-30
7sBADAbyjri5eDaU8qtCOK,2021-07-30
7sBAcUGY0eLY6sfX3eOzNc,2022-10-07
7sBFCEUPLZ79dM3jeNupVe,2022-10-13
7sBiLPlKybzaB9WZRk5xCf,2018-12-08
7sBiMgLXuiLra1qn2A0cm2,2002
7sC2sL3Q5cZswDQJfnlfOt,2001-01-01
7sCEGVDNPistGb4I1DbGGe,2022-10-20
7sCHcNQVpyJ9gqDUGVryTc,1997-07-13
7sCPM0civUHE1zbkCyzmL8,2020-05-01
7sCihT9B6JragpMuTuQZ2f,2022-02-27
7sCrdiFlsxON6pw395OQG9,2018-05-25
7sDYNHCFSDx0eKPhby4zgm,2021-02-27
7sDlvq7J4Y9rpSnRa02fo7,2012-02-27
7sEm6dnBwPha4dDb3fnmhs,1997-11-25
7sEstFncW6PS5R6L4B0VTM,1995-01-01
7sFBoEnskTLRTHr8fFvZ9C,2022-10-07
7sFMX70IkeDA7O9zM6qd9l,2011-01-01
7sFRIgzKlKRSfBDWUvtpwU,2020-02-21
7sFRVhCuyyc0CJNHUMucTP,2020-04-24
7sFZQngl4cV31KWChibiIv,2015-07-31
7sFk2PA3NsrrSsGa4CM3rs,2020-05-15
7sGEiBshBJXKRnvyIq3LUB,2018-03-31
7sGOys7yEgJ7i0vMl6zSUt,2017-07-14
7sHIKRkrjd92ITAEeRaID1,2021-03-19
7sHsfIDV3Cq9KgScKDaorq,2022-10-21
7sHwbO73ENpY8PQ0jUCBe4,2018-10-12
7sI0y2fliuhRhrDBFAPhpL,1973-12-31
7sIx70dGj3VBiHWr0KZXfD,2013-01-02
7sJ0VFD8RTibWzn8oBUhzW,2014-04-01
7sJDqzrY07xysc49QNsiPA,2006-01-01
7sJNeWTXkZCEC7OnFMpGWL,2022-09-29
7sJPR37hvcNAU4mqRD2A0Q,2017-09-12
7sJQv0LRPgM2xCkkdWOlyj,2019-06-14
7sJbCv83nl2S94j8ZJz2WP,2022-10-07
7sJf9eFhqUFKiR4JaXp7dd,2022-10-21
7sJh1Fj7dcuHnHSqL8FHf3,2021-10-14
7sJlB1DvS2Co4TG5QqfeCH,2022-08-12
7sJlsniXBxRQetEeeV2eAe,2022-08-19
7sKPbqAPAP4llKXGEXqCaH,2021-01-27
7sKSWDkW8DfAylLv4SufE4,2016-09-07
7sKVXGTB6UK9DjoCtXX3zB,2020-11-11
7sKW6bnKbWDNA1u87bB00m,2016-09-30
7sKneodIaBTAd9UiWQGyI6,2022-10-07
7sKt5Y2zJpYw78iAxndB8y,1996-02-13
7sKv2C005X9L9xl6twWGze,1998-01-01
7sLUrThXXZyNKmkr0rHn0F,2022-10-06
7sLknEg8aVr0m5ZuCja7b3,2022-08-19
7sLwsqcspdvXIVXECidYcV,2003-11-27
7sMXAHBiXPOwDQyysFUqp5,2020-12-23
7sMYJtxTHZKCDr48rAoA4J,2022-06-03
7sMxOsVRhzYk6BImA4QJKA,2014-06-13
7sNBIIStlc2ifqAkdySXLM,2022-10-21
7sNG5C3APxp9DBwSH45rIU,2022-04-01
7sO9riQGnmEqXDbyYGCBih,1981
7sOGRoSQfjkMkk1YOEqH84,2007-03-20
7sOaHXfvLFEswNoaESSXIQ,2018-04-13
7sQIfmSr4NJgzm48Ac3CIO,2014-09-12
7sQLBh4Lo5jpYTUpdxTMep,1998-01-01
7sQhhSlMui3JOZ4s2j4IjM,2020-02-05
7sRMepOClh09cgoSE0Qhts,2018-10-19
7sRXhReWmJF5pqyg3uUTES,2011-02-01
7sRjDSJ5Vp3xC669buQVGi,2021-11-26
7sRopusalkGxvrm8wqkKDD,2016-05-30
7sSYkaAXRgnzoQYrGgrvlX,2004-09-18
7sTDqaGUr9NM8NHQ5SNHi1,2020-05-08
7sTRfWwsOVrwhP4yUEGyKb,2011-08-01
7sTYPovuHFjhdAsu53agiJ,2007-07-15
7sTcNcxIIRpEdSu3W6k8Ky,2021-09-09
7sTyr6jk6qmgGKdRMG6S3I,1999-04-13
7sU2dcP1FPM70V9TwGgjQL,2019-08-23
7sU47AuRDvIxpS77gkMuO5,2008-07-10
7sUHFOK9DTcR0Fj3Z4TP8v,2011-03-18
7sUqJ51FGSi3n7x4pYjY3v,2022-10-20
7sUuVZwDh9XWtgVwbitU2q,2005-09-14
7sV7mOO4k0RNz9Un8d8OWg,2022-10-07
7sVEoPc5ZUUQerRkgTypUZ,2021-12-14
7sVNSNOadwp3fISfMoXUyc,2022-10-14
7sVuK1lX6dLMr6e4mYpOeM,2003-02-14
7sWTHU6XWOrrsmwcpMCJ3d,2022-10-07
7sWUnvUCwIW2vVGox0VAIs,1992-01-01
7sWuIc5mCxnkyMvg9Yw7Q0,2022-10-18
7sX81rjpSNqTGuOuk0imQ0,2008-03-11
7sXDNUEQTtfXrAQm7Q3He9,2015-06-01
7sXZJsHoJ1f4kaUrDlJhci,1998-10-09
7sY3ct0R6x1REg9OZ45aB1,2002-08-01
7sY9y2ZBfULf5GpQHp1f71,2018-06-02
7sYEFBTlCpKAfsx62bwhwS,2019-08-23
7sYK5s7IRnrMquvioQZxhy,2021-02-19
7sYQoccAhICKPdG1DmY8Ot,2014-08-18
7sYajCGYZCbsZbk997CPA8,1966
7sZ9eVAw4CfxeHNL7SkCKa,2022-10-13
7sZOvKVaUxWmbRO0QXaulF,2022-10-17
7sZTvm0Sx8umbyQViTE2Qc,2006-02-22
7sa50u2KOe5uEoTG0wOF9M,2015-02-28
7saGgYoWBWFG8DSFs4xEHe,1998-04-04
7saJzcpZabQBinHKGh020u,2022-05-27
7saOSM2fUxclPXFAFJQACk,2014-04-29
7saeg1XSIx0RhNMHY5km2e,2012-07-20
7sazgJzIsUcp2EJ4ExVNsd,2013-10-30
7sbXOV5vynnaeB7KGy0kZ5,2022-10-21
7sc48UkOslbSSRO1b2jZDc,2021-02-03
7sc9aBvl7UIM6UlefpkZIg,2021-08-30
7sctaS7wVwxDrAIEkkYgEd,1987-01-13
7sd72KZS8D59g5NmhxyHpJ,2019-03-14
7sdA0lcpUh8F2EWWevWZD0,1994-03-12
7sdaD6KTdB6mU1E79NVnwW,2022-10-07
7seOXBlflZC8UR8bNi27u2,2020-04-03
7senbr8yKgkM71sm9ZYIOX,2021-02-12
7seoJMoq6METu93jViUNxy,2007-09-18
7sesNXHb5NdVXmCtm6f9qo,2018-10-19
7sf0zAvyBwviecbfzmjqBv,2022-10-07
7sfFSW5Z9GPrjibl4bCfVd,2022-10-18
7sfJ16yNrbar4Bhadnz2nr,2009-01-27
7sfU1mouSFrfCQurM5w610,2009-03-31
7sfeMasFUdoHXstGoprj9v,2009-08-01
7sfjX0iWOUphFMuB6gtcyr,2021-09-04
7sfpydlJrHpTi533idUuZV,2022-07-22
7sgApfJDHCTa9H1yJBLGbR,2019-10-25
7sgKteVFXoUypYISIiAkig,2018-10-26
7sgTB2w4PTeu4g2EUp6qjT,2003
7shfzDJwUBKTuxNTiS85jo,2007-10-09
7sho2i3R4brLTzwYxRsXwe,2022-10-10
7siMHyJyxIwMQkHc7EPi9D,1999
7siSMBw1wFPPBNoBtXNzMb,2012-01-24
7sjsZSMqqNwTl41gaU3j51,2004-12-10
7sjwxSQsQJdv4Pia55O9yw,2021-12-01
7sjzYqCpnomdelM5j0JDhK,2021-05-08
7skh6P9IoZ4wQBqTHd0xku,2016-06-01
7skuYlovqHEZmoOyBrE9Di,2009-05-12
7skyR8nK3vnDikYFBoUVw6,2020-07-31
7skyROG3OyzkpkrYTQOWf3,1988-06-12
7sl9yknSv01LGm7GXSur1L,2019-09-25
7slWhtdhiZy6dBg6xYFLKC,2015-03-28
7sljA9XJXVCbbXLK5XpDtu,2017-01-01
7slpmZ1MQExd19O49fOIqs,2022-10-17
7sm6y1cWTWjX3ke2WMQRAs,2012
7smLBxoXr94uthZ6kfqoq9,2022-05-25
7smsrHWCFPoXKkuVfCTqvm,2022-01-14
7smv9FDgDqLgnNbC1bdANi,2020-01-16
7sn0OyaKn1XKx18JjUZkSw,2016-08-05
7snQQk1zcKl8gZ92AnueZW,1987-07-21
7snboOlhbuJ0wrbqGqT0qr,1998-09-22
7snnEDYwv30hRtmifVni8P,2018-09-21
7snsIXBqXSt3XcYAJUiBNr,1961
7soFqD1nuVVsc5MOvo13Ad,2018-05-11
7soH7AwzljtnIgf2PuR3MQ,2022-10-07
7sp9SYjIBBniAJ7xa1nkZh,2022-10-12
7sqVeKB8wgYnztqWvKRYr3,2010-03-01
7sqWXHDZ4lNBNZB1JUxlrl,1988-02-24
7sqii6BhIDpJChYpU3WjwS,2010-03-29
7srDntwfJSpAk4DAdBT9LT,2019-10-25
7srwQKnqYsIY26Aatbazaq,2016-11-09
7ss44maxHhYUu42IVmTafv,2021-11-19
7ss73yV5efYHgm9bAQ98JM,2009-12-18
7ssT26Q5ESbKwmp8xPZola,2016-12-19
7stHo3avMOKQHQM8ARrft5,2022-10-21
7stZJTWRT1NBF2PbPM1gag,2020-10-02
7staPerb0ZxnCz5MXHDYC3,2022-10-20
7subhSwKDLODnn5RDntPdk,2019-12-20
7suo0zOCgfIaSKSvOv3pRO,1990
7suq0FFag5QEiQnyihDAhu,1991-12-26
7susTbuAy63MdzO4vY3Emm,2019-04-12
7suskOPZ8onOtynAzhT0Qg,2021-07-07
7svpAkwc6xaSxlbZ7V7JiS,2013-01-01
7sw1QHkyVlCnDQ97h4On8w,2001-01-01
7sxA24QDCYRSEUQqEAsaKR,2019-05-10
7sxIVdpVc015SBAtxw1Ly7,2002-07-23
7sxiG6BuAb28nh3qGmbz7L,2013-08-20
7sy4upvDMtpz0jDCech44W,2020-08-12
7syGLGlZRILCU4JMy6nQqx,2014-09-05
7syRb4LX1tdcCceUX0Q764,2009-04-06
7sz34RvgWVwgBg7kxzBTBh,2013-10-08
7sz5KvtMyrndatGDr14dCk,1993-01-01
7sziTn5nHwrWf4K7gISaaU,2011-06-20
7szxifMiAXPrK3wOdDpMdd,2002-09-03
7t08bNnBJ9aqSCKclpUhQF,2017-08-01
7t0u2dbZoby5Y6yWXY2zYG,2014-01-14
7t1GAxH435fSLa0W7CHXrV,2021-07-09
7t1O1Y3voFIrNh1ItNNc73,2002
7t1UzsIKRBXXVdwJRIaDxn,2022-10-03
7t1cI2w4fsEPGpECRRpnEC,2016-07-06
7t1eW5hjaSKaRFzeVMvJdb,2009-01-01
7t2NEWONd6piQvE8uyXSsJ,2022-10-10
7t2bFihaDvhIrd2gn2CWJO,2014-06-10
7t2gGVF4Q7QnFM9dt9F0qE,2021-05-27
7t2nnN1qpHtbGlXvaXh8T1,2019-05-03
7t3QDBNnVJJTVTN8E6q6Ro,1997-11-14
7t3Xdbufg7q2onVsR8RBdY,2020-10-30
7t3armkL2BeiucJmgyWlwL,2007-08-28
7t3hTyrTkACCUe2yRNO60b,2007-05-18
7t3kukBDmQfukoaT6BywML,2000-03-29
7t3lm1x3o4jyB3WGncv9Ck,2022-09-16
7t3q4ghl6rphMXn0oOJhUr,2016-10-21
7t687wOi10mr9Ag5kupt7N,2005-02-28
7t6NlBZL2MmNjcF70Xl71G,2017-04-14
7t6UycwC3vvVtTvbhdNSY9,2016-09-22
7t76w9Cwt9JW4iH3boL1Or,1986-11-08
7t7J3JytYAjYmfFwEarnuv,2020-11-14
7t7bFIEU06QMD2RaMkqMaf,2017-03-16
7t7bgsXoWNSnbBcxv13qNv,2002-10-03
7t8FF9iOi3g1pssApBskFR,2016-06-21
7t93tKeMjySZTeI5lvZd2J,2022-10-14
7t9b4aZQGqlOXExipRB7XG,2002-12-17
7tAAha1kFovHVmXQOBbQEx,2021-06-11
7tAjWupuyWDsPC5elVEFqr,2019-03-03
7tB4eWYtmnMYhYgyCJB7K0,2021-09-30
7tBkcbNxNHS0IxQfeAvF5Q,2001
7tC7te6Lc8ZD0iS4ufVG1b,2021-03-20
7tCL3GNUc04W2S7Cx1MzId,2019-07-30
7tCPyTEXUH1UU1JQLzd9zu,2022-10-11
7tCeZmrIbRlykjCJKB5Hzc,2021-11-19
7tCt1AuiT5RCg1GFrtCDu2,2022-10-17
7tDASYxj2O3UBK6VTWGaUW,2016-07-14
7tDyEcRvGvfKLpFZcKzJYX,1981-08-26
7tEw92LHeMiwnp3eqpmiWL,2018-03-02
7tFMXpwIqQTeCpbPjNpM6H,1982-03-30
7tFxCn0Qb75pbx993wqUIQ,2008-01-25
7tGQIxmkt6EKCLv4SW3Uxu,2018-11-30
7tGsEOnNxRL2ri5m0aweVv,2020-03-20
7tH1xf8M4O6kd6lN2aIKah,2014-07-11
7tHKIIVFXabowGUNqy617K,2021-03-26
7tHlEZRloAvK2tIYS6wR1b,2022-10-21
7tHuxoILmgLWSB6azikwbq,1994-01-01
7tI21meuJ1NU549rekoRuX,2019-02-04
7tIJDktakabGoHjwTTa35W,2016-12-08
7tJHKG9xoHZ7ZD1JZdR7cu,2019-03-13
7tJHvRoGvkckZkZk5ORUot,2018-02-16
7tJSdgV3d498OYaolKPgOf,1977-07-29
7tJi6GDPUK9PgIA44dLWtn,2015-03-16
7tJxrItWO4M5GWjW6ZDqu6,2018-06-22
7tKOM6vYLZPChDOU04tFOy,2022-10-05
7tL61fgLUj48iB6JXVWzii,2011-01-01
7tLAkMqmdDa7KoJihPuetW,2007-11-01
7tLBL3ScNspTESE1QU0FmF,2022-10-06
7tLrOkFdLDa9ZEZD59BH4a,2019-11-15
7tMbZ0RGW0jFsBw7ipEPEV,2016-11-04
7tMn4y7eBEMcUFIWZPaHCM,2020-08-14
7tNIL53zRMumsAC19iCdrp,1999-05-10
7tNJo8NJ7fhprfjyDgdH2A,1978-01-01
7tNzd03v3T5aU7P1UpeuYF,2022-10-14
7tO9VlXQrHWc6nrgcrYCkm,2019-02-27
7tOL8oiMVKiYSzW7gN03Mk,2022-05-20
7tOVbC7XazkWeLVbVv2wlX,2016-06-29
7tOcPDj3vyopZ404pY6UuP,2009-01-01
7tOjDc3oK8cQ083EF15iGZ,2022-10-14
7tPWNfujSSqmDqCgFjhSxi,2013-11-29
7tQXOQUNmoH2YTxm1vxmwL,2015-09-10
7tQj4HxfFUDgte23UBVukM,2022-08-05
7tQyxRUBcy0XVZbATedxBU,2021-11-05
7tR2DV2ex45EX7imBEs3FF,2019-01-25
7tRXTDi87CiAqU5sIBQfIC,2022-04-26
7tRbTqPDapZlGZfAjOqGNI,2014-09-15
7tSFbpe1KLESU6k3v2eBPA,2021-07-07
7tSO7DrrYpiMXX3zM4b3oM,2010-10-24
7tSODhfDkv0JEhkSMYSIBS,2019-06-21
7tTrHLvNCuOksffYMEp8Rv,2015
7tU3GVhGsQFZze6C5vIwQ5,2019-03-22
7tUBmhj9d98BS08S5lfQz4,2017-12-28
7tUHlsHVzRKtvbbPlQ30ZD,2020-03-20
7tUQIhueKYGnKThIseP69M,2015-06-23
7tUSJY4nsDBJTjd1UXKRsT,2006-01-01
7tUToegtVh5dodpcqaYrHo,2020-05-01
7tUhh4MxnkgNvasB6ZxlAu,2021-05-09
7tUpvgMTJfB4OARD8gD6vg,2022-10-14
7tUtvGeKB2V5W5ms6uBlyC,2004-11-23
7tWbogz6sIIV6FDcbxkEKw,2022-10-17
7tXcjEswxD6rZK2XPb0X7V,2007-05-22
7tXgjaBwAYJvqq4qOjtIMP,2022-10-14
7tY42hE5hltPOTgtvASyOM,2022-10-18
7tYCf3ftc99AQrn2cXYM6d,2020-06-05
7tYKa4wd7gL5LwcxidBPkG,2013-01-01
7tYQXKBRjIafvyczPPUbbe,2022-10-07
7tYr70UusZfip6gFlVdyTz,2017-12-04
7tYwhedfTi1NUS54sIIzr1,2005-07-21
7tZ55W74vP6fxBZVBp4rxW,2018-01-19
7tZQznsUajYIVj4IwALXmz,2019-01-17
7tZku9Vp402YZ4wW2UYLU3,2013-02-20
7tZyfflw25Hml8gccF3JXB,2022-10-11
7tajVL3uCWa2D9xfGgDHMn,2019-04-12
7taoYAfDTtuI5dxSBeijUO,2020-08-28
7tavmiMMEibizGOiXoozar,2020-12-23
7tbIORB7DBM5X8efwMX8cD,2019-03-08
7tbnCDFBygaYTnhY6qyldE,2022-06-24
7tbzfR8ZvZzJEzy6v0d6el,2021-07-09
7tc6TBLYMHMhn4KR9EuXfk,2004-01-01
7td3K7L7pKXyfuCY1soplJ,2015-04-03
7td9KE8BgkPtmkzl7jLuA7,2019-08-23
7tdBL7NbhuVkFZ8QXm1R5B,2022-08-26
7tdRtYANnZ4hE0hNZoOWsd,2017-02-03
7tdiJEsCdhdJ0jXGhMQbaG,2022-10-07
7tdvNIkzAYUcCWxRi7NvhY,2018-11-23
7texBUhFxiH5nsSYPKnJ8Y,2018-05-18
7tf64lNC31lWlTsih0nfZf,2012-01-01
7tfNdoXGoZiTLE65Y5o5Hz,2020-02-26
7tfSlkyv8xmyoUEGd53mBC,2022-10-09
7tgBwxhAAVtePt0zwd011H,1998-01-01
7tgZA5AwbrKa9o5SLOgi1D,2022-10-18
7tgzj2IqzSgUpxUhjmcF5m,2019-06-14
7thLVTvGXOpJcMEmQPNxU8,2022-10-17
7thzIJfxiZNZaPFA5OR9s1,2012
7ti0olzQPvYNc7PSor2qrI,1998-01-01
7tihZUkK5CdXXtPpukvm9e,1957-03-04
7tirhoEiNOaHD2RYrjt1k9,2015-04-27
7tjBJNURg9ovvoRDkuPYtt,2001-09-19
7tjU8mRg1YJ4c47tZ3HsLc,2017-12-01
7tjzBUMPPdWjKlmSdKw4rs,2003
7tkwRpNRH4l15B070Tdzqi,2022-09-30
7tl1En7BCSnD6Qb5OGlEIE,2018-08-01
7tl3BwIQKlvRLsEOyOSwFl,2015-08-21
7tlJOCt4FeyZQkhsTbddts,2022-10-06
7tlePVZSAd5cTxxJNveyNx,2011-09-27
7tlij0cYovCBRkrIMgLwtz,2020-02-14
7tlvEaE7OkSt5fgivXkRIP,2022-06-03
7tlw2BnFAfaq10wMmrRzWo,2009-07-28
7tmyqyngDaApCgOrnYMnXf,2016-04-29
7tn1tcxenMwDXrYTOjS3z1,2017-02-10
7tnE9vy6FCRtbZql5E3k9a,2022-10-07
7tnOSv6Q3GreYZQWarWIz4,2012-08-20
7tnYsRepXLaNhqj4xtcWP2,2022-10-09
7toIqSTfa9Phsmu2hKwTyx,2011-12-12
7toZuecF36JJeBq1faE2Xt,2017-02-17
7tp4iYvcZksGp1u7feUrrO,2014-10-08
7tpIYgAGMtGtrx5OlOKUab,2022-05-27
7tpRgru0h8B4eCvdBegLTA,2015-05-18
7tqU1V7ShYTofMcwPWXvck,2014-06-17
7tqZJVm2FNiYQ90B1UafQO,2022-03-04
7tqhbajSfrz2F7E1Z75ASX,1967-08-29
7tr6WuxHOWyWQl0W8YfBtq,2019-12-16
7trX995xQ3AdG8LW4OCZb3,2008-09-09
7tt2oJW7iyyAtSKKwL57Qa,2022-04-29
7ttlemwytO21npSmLKqTBg,2012-06-24
7tuHBStck3zEa0vpcNGtiB,2012-08-08
7tucJvX1dq2eejDSjPZldx,2022-10-22
7tulRsWLsoA0TVRNcVzz9y,2021-05-21
7tuvW7Pic91ha9iJCH1cJP,2016-02-19
7tv5qeODs0IMibLOOYVj6H,2017-02-20
7tvuLLroI0n6uYBWuFig5d,2001-05-15
7tvvjE0lluyDQ6xtiMRvOH,2019-08-09
7twW3YXIZsYmHOhBeYu62j,1999-06-15
7twgPijZoTe4AFxGEiWn9S,1994-11-30
7twtKHISRaT4gCDGjvkUgZ,2022-10-14
7txFKODDkOV5xv7AtAvbiN,2015-10-30
7txLCGOXyDlDXTjtR1Sk4v,2015-07-07
7txxAtOMwLLnQTpKeBL6bp,1988-01-01
7txxlRXT1wL96udmCFVqnj,2011-11-11
7ty5U04dWIL9w80uxZlSr6,1984
7tyHq491NHuQKL2UbVtdQj,2016-01-15
7tyNbkpB4b2oGjbv3gEbaP,2015-03-14
7tyZJ1SU9MuwVuAJ81HY94,2018-04-18
7tyxIzfJI6uoc7t9kwwGmf,2000-03-06
7tz3HSakAREb4mTvk7s0fm,2019-05-06
7tz87ist9Re3wiMwrxKSI6,2016-10-18
7tzl9MQolb2SIuNhEFQjOi,2022-09-30
7tztN3e5IFxhOYV7KQgsuu,2012
7u02B0AULoxze1og8i4bNO,2014-01-01
7u02hXi88oNDoBPkByGJOB,2022-03-17
7u07yRytEo8j5ua4YyefG0,2018-02-09
7u0z6FcJDqkZwdpqAqUzmO,2019-11-28
7u1S5QZSwrWyNczrN9IAKR,2016-11-09
7u26KINEAKojv88UOaIMpS,2000-03-29
7u2UKrIjIYCd0EzNfwB8am,2022-10-14
7u2cywB7avubxU9pEgo0uA,2012-07-17
7u2iDwX4tFm4Rzmq8CeAD1,2017-11-17
7u2kqqY13XzJx3EHv9yzzU,2012-09-11
7u32XGioKOcqZYrEZphaF5,2013
7u3Q4Dk4z4Kf7QdkaHFFZ5,2022-10-18
7u3RqkVJdGUNvF3CL73AA7,2010-09-07
7u4JleMQ5t9XkIcMfzrtOm,2013-11-19
7u4jxqiqlXTGKlwbnUIODB,2017-07-14
7u52IIZD1dW1vYEBBGQU0a,2022-10-14
7u5B4ptccyg8T7NPfByhE7,2008-12-04
7u5YamTXLPnqTTw3KGcJNq,2018-11-15
7u5Yop62YKg1uws7uKyKE5,2022-10-17
7u5jMmwkLQBe2B0HNwRrtj,2015-06-29
7u6COXLLPAbO4TTlSimsNx,2017-10-20
7u6Ln4n5rXbXwAkJsL36lA,2022-10-21
7u7RMMynAINKO3iMS0s0pZ,2022-06-03
7u7nVx9CuAsmEIubLgaH8a,1990-01-01
7u8PuIB3TlRPFxSepjvVYR,2022-10-20
7u8payyzTgGFxpqTDNtd9I,2020-06-19
7u93rCmIM9mBoT4mvfUBTZ,2006-01-01
7u9BIFBgxuqntGW7wO5lMs,2020-09-28
7u9FSiKwfo5XLLXGrRNKUO,2006-08-27
7u9QRyQahQvFbB7cxziaZy,2017-02-24
7u9TVTUA8uMjoZzTFThl4u,2019-06-14
7u9hs47tC4WnesnQ1oNhjm,2018-01-12
7u9wacJ6Cf2b7FooRP4Nae,2019-12-07
7uBZSQP9x6kbaRgpK1Q2aw,2016-12-09
7uBdncahX0bULWkpaDax8y,1985-02-25
7uBroc53jwR7CErmQjAmDg,2022-10-14
7uBxi4jHZqgWAjqLEl1KcF,1983-01-18
7uC6Jn2gAAgtwc116o0fSf,2016-11-02
7uCBGNn991AM68fR4tSDco,2020-08-28
7uChwK0FIUOdpu8c2AFsOx,2013-01-01
7uCzfOYv9QcwMq7SjMMCmF,1991-08-13
7uD9Nam4bGdN5sBIuhrZst,2000-04-01
7uDjywLMNvTwD4WVYo9Yoh,2022-10-06
7uEa0ecZ1hPMcv5IKuoDIJ,1995-01-01
7uEcCGtM1FBBGIhPozhJjv,1968-04-22
7uElzZpQ49DfvEnP86WA4k,2007-02-06
7uF1nTuJRGUlZzODPcmPva,2021-02-01
7uF7JmOfHM38fuxlJ4lHBw,1960
7uFWH9Il83O46mpbdlE3JZ,1996-08-16
7uFXMTRazF955qkJWgPBQJ,2022-10-19
7uGnS3Yp6gLPjSY8O3LqNd,2020-03-08
7uHRKSQ9WIlBBuBY7BHcbq,2019-03-08
7uHZpdY8MIrpwPaP0vbGxO,2006-08-07
7uHdZbIdXEG6m3c2g98f1b,2014-12-12
7uHw9gnuf6Fq8nKYFg4p1E,2012-02-10
7uI2wckyoA7wqSBAfwWEWt,2019-04-02
7uI6dvHU3zdSdtkbC3BCku,2021-03-01
7uJKZCjiHRAde6xQm2Kx0Q,2021-03-14
7uJvaM3GQg7AjXESEYyN6T,2013-11-18
7uKIejI8EopnavsEw3FcuN,2005-01-01
7uLKvHDrpVZ6WdLGJH2dG1,2005-06-28
7uM4hjdGJ2WCzwjjFLmVeg,2021-11-02
7uMlAgdCGMnxaRfRlZZWDs,2012-04-16
7uMlJaOogzJDOOijoT0OST,2015-10-01
7uNB5nj0hpYcL7K2uX90KZ,2022-08-15
7uNL2lqhet9A7AB3xpLC4E,1998-09-08
7uNbu1BgkWXTA1nZRX9fZb,2013-11-19
7uNfP6QKekUZvDQKLqphIJ,2009
7uNnlVit5qDvfOje0pqICF,2011-10-01
7uOl3EOoHEWnZTSKwsfKpR,1988
7uOzAJFCHdBAs301jGgpoq,1996-01-01
7uPX5QKvIT28CEIXTvp0tr,2022-10-21
7uQF7RMPg9ffIRYIFdDsAJ,2005-07-12
7uQwjfW1G67202A33odrlh,2022-08-03
7uRaUVwPw9p0T6siGuIhS0,2021-12-24
7uRcUUmZpU4YVZFNVZnyXd,2005-06-17
7uSLJCDetmdm3tQcoYLyty,2022-03-23
7uSSIUaQ14Vf7KQGDQ38gR,2022-10-14
7uSZPbd8DxdkmSauCKnITY,2015-02-23
7uSbIr3sJ6bPfXxBH9ojrg,2010-05-25
7uSuEUt7ZV4Sgk4bCK6hsp,2009-10-16
7uTGKM0QXSukI6UMMOzXu8,2019-08-30
7uTozxToEjT0Zdtd9mMUGZ,2019-11-22
7uU0Zdhcr2PYLfz59afn6w,2022-10-21
7uUahoeqGNRMbpdeiLj1rS,2018-02-09
7uUmZxPiY90voICTzpcN4y,2022-04-01
7uVkwdiPkR5hRdxuCojOj2,2022-10-07
7uW6Rfo8t381qTJKcrenNM,1984-12-05
7uWHmvFjivPp1w4wQYf2B7,2022-10-19
7uWgYqkTI0jHr0HMjiazvJ,2000-01-01
7uX2DpFsKiitlAYGLSGlci,2022-05-25
7uXjp2aXpQHiPQpvthEiTi,2021-08-06
7uXktLVq43HeS4fPU4nQna,2005-10-18
7uYBdI1LKwArPLIc9ygWQX,2022-10-07
7uYKmX3iPEyXfz9GHhjuWQ,2018-03-31
7uYQELhe7g6QLIzZDOlhbW,2017-06-16
7uYfKdTwvNSx6uIM98FTS3,2018-11-01
7uYyhUnxIsSF2LMWUpLs5V,2019-04-19
7uZzcSuMJnd2bvjXnTzvkG,2019-08-02
7uaG1yOumui9NQi4yimEIS,2020-11-20
7uawyFxf4wrknnPA77iFbK,2021-10-15
7ubghzd9IuD9egKKjwF95t,2013-01-01
7uc9m3U6n1zMqV0VmwHcOw,2022-10-20
7ucAyhKPjKsLrP14q4mcyo,2013-05-01
7ucgcKHb0r9orpwBeqF0MV,2000-01-01
7ucwhjWSGTEh5e18h6WFER,2005-03-02
7ud8WYj6c0gJwhPk2hPD4g,2022-10-18
7udFJCHVruPHFtcGG7Mi2d,2011-08-16
7udYCqlu5Y9hZFFcDFNtuO,2022-10-10
7udmtuYHCGp0ImJAncUj1q,2022-09-09
7udnV9JWzRV2m2LWE5GsjW,2019-12-12
7ueEpHhG1ZKxvYRlMyLpRX,2021-11-26
7uefhHIQnMVQu0agtDxyec,2022-10-13
7ufTy8pvHYGo2BDRKKQc0E,2013-11-20
7ugjIppiHC3TgC9LuKbEwi,2018-05-16
7ugkcHNMy9tjov6VMmLoKg,2022-03-17
7uhAE0tRkx1qxuTdcalqbS,2018-09-11
7uhINGViZPygI2AljxO8KN,2020-10-07
7uhmQXCmglHzUEUA0ch9mh,2022-10-20
7uiNQlqo95kRej5PcPrq4U,2021-11-19
7ujDyYaL0nXphMkkgjCGcX,2015-05-27
7ujY3rsQDYlkyhAu4OhE3V,2016-10-21
7ujmpF0vCLlFJJBPmiFXQR,2022-10-07
7ujvbItuOqPEA659UYI6xh,2021-10-08
7ukDMAYaa5FpgaUbTfbH8D,2014-07-06
7ukgPiKTMVFYaXlAjvTCA5,2007-09-06
7uki3SHvd09GpX4Fbq95Ui,2022-10-21
7uksEhi17NeOS5uNyVRggG,2022-04-13
7ulTmQAQKcDRPBLZftf8rd,2004-01-01
7ulyxi8OsyUoknibdikm1a,2014-06-06
7umUWOeq1ktc3OPFJVR8hn,2020-07-18
7un5s8HYQ9QJG1ClQtomNB,2022-10-06
7un6jYnJseGTF6SFe7dapm,2016-05-27
7un7gXcWHYMalXlc6Wxe59,2016-06-10
7unFex1BO1heclWVDWgjn0,2009-10-30
7uo2L5FAja3pWIBa3HJVeC,2021-10-15
7uo5PgFlHaRpdigxdzP0i7,2021-08-30
7uoDsWRGEDTdFtAD4ybO5D,2018-12-17
7uoFMmxln0GPXQ0AcCBXRq,2018-11-01
7uoW5QeuW2OznVM0VOpc9B,2018-05-11
7uoW9S5JOtiJMwhOPPnNRN,1974-01-01
7uoydebZMtE7Ly3jZVXfFN,2022-10-07
7upR6MamNGwahBsZJdgURY,2022-10-07
7upm2FweejAA5Zo3KXicQE,2020-11-16
7upnvFwyU0NyipS6AwBjOV,2014-11-17
7upubP2QFFaVnsBscZ7Aai,2009-03-31
7uq44buuuIXVYUS79EJEMt,2018-12-14
7uqM0Ds1u8qPHfqpY1TG3v,2022-10-07
7uqcLJFlSYjVPLUz1vPxkY,2018-12-07
7uqmKlDXkAoVJDM9grjCNz,1984
7uraMwMycub1jUQhjcPsNi,2020-06-28
7urxY2iebJABhKrHwmqG95,2022-10-21
7usTSOvnYKy3ImREDCUlZV,2011-01-25
7usbSmFna598CdvpZiHWlq,2014-03-25
7ut6ZuyNo2OYnGDwlheIch,2022-10-03
7utOHiGT5oEq6yOfMvI3LA,2005-01-25
7uttm8Iurm5uK67Vr9G2Sp,2019-03-01
7uub2vnuF8aAjh2UZBlWoh,2016-12-21
7uubRr0u9Zxc1Y84hEn7Xf,2015-02-09
7uufxK4eMIoc6CsJQ9jwsP,1989-01-01
7uuhsiJi37B5GJG9U6z5DE,2019-08-31
7uulkOL4yWt0J6qlJxLBA1,2010
7uupMVckq9ta7ei9ghX8q0,2021-05-07
7uusHQGdP6xHXl2WcqqCEp,1977
7uv632EkfwYhXoqf8rhYrg,1998-01-01
7uw26UWzSgHsbLbdwbtSB2,2021-12-03
7uwt8ghAIz8wNNatTJx0w8,2010-09-21
7uww4daIgiRPoKWL7RTwve,2018-04-02
7uxI3noYpxH4z6mghwoerL,2018-11-16
7uxXSaN7ZuirPNQbxX7JoW,2005-07-02
7uxZ7GPRTGU7itqHXMNLy6,2022-10-14
7uyLL06kbAC4DuTctZCA6B,2018-12-17
7uyS7PnbHR4QLyKdn3j5tE,2022-04-12
7uybj8kGcJGyslBdxMcqzQ,1992-03-10
7uykYHCkou98B5r1BNJ15g,2012-04-26
7uyyB67tSYtUdZaeuKIgJY,2017-03-03
7uzJKRRrTqxUOeTtwQMd36,1991-01-01
7uzeHzJx33aqpdeKyhXBwh,2000-01-01
7uzmGiiJyRfuViKKK3lVmR,2018-04-12
7v0An99Wk7wYijqYsPXSFw,2022-06-17
7v0mtl6oInUtHOmTk2b0gC,2011-04-12
7v1xAlV5uwWSawlbs6TdD7,0000
7v2bsNPMCXpM19JDO678MX,2009-03-26
7v2iUsHqHR1VNLODNUkTOz,2020-05-29
7v373TJVKDsnubhoMJ7eA1,2002-11-04
7v3No0Ib7ZcvsNOBahkrFZ,2013-01-29
7v3bNHIiJoxUc4W9dVghjs,2022-10-07
7v47Ay5InDjnSZ3idVlMzS,2012-06-04
7v4G1QvXZgajbX8nn6FX4H,2018-08-17
7v4Pcy1Qg5M9HtquXttaYT,2008-09-02
7v54DH8NxknHX7f4rEvoLh,2022-06-12
7v58yrpm67wmkG5akp0xRX,2013-01-28
7v5UuWX5bVomJtrKs7eHul,1995-10-10
7v5q8I9T7BJxcKOJRTQLzG,2015-04-06
7v5qXdYIOQHbEfyJFbchsQ,2017-09-22
7v6OU2CIq22b24y3O27iOB,1999-02-22
7v6eyoWOf1hIsroTPV0PM6,2015-01-26
7v6kXbTvpHbhq5LHruy0xV,1996-08-02
7v6y0LgWhmP1IoMB575HWW,2022-01-07
7v7BgWqCYaEHfgbJeZTzdR,2021-11-19
7v7SnG6jQeteKJhoBofqLK,2021-04-23
7v7UZAX5TR64Pmvda8kI8E,2019-05-31
7v7YcDaYFRNCg5HSt3xL9v,2022-10-12
7v8IPCKAG5dOSKbwWR2dBT,2022-10-08
7v8wKvNQQIxkugCFFjrkaO,2021-12-06
7v9HNMlAe2UBaEhvaCk5wX,2022-10-14
7v9Z86eNCt9yUTk2Hy0uQk,2021-01-08
7v9ZePEkbz8CkpaPZPbof1,2022-02-25
7v9nvyCejhgxID3zZwg0tJ,1996-02-07
7vA9zWg6fmjLZn105Uj4TE,2011-09-12
7vANcGaCCybYJ5OOETjI48,2021-01-15
7vAPNx92EUeQoTaGhjGTpQ,2022-10-07
7vAo1pxZusNrVlMKCn079S,2021-01-29
7vAw4LLIms6X8ZHcbtoazz,1959-01-01
7vBSvChX74qvSkmKUw2TUf,2022-03-18
7vBkXx83Ui48fX6G6y3h29,2013-07-29
7vBqDxT6CcJhnOCRfM9Wvi,2018-11-09
7vBwenmGPD2h0DSbljoZym,2021-12-01
7vCtRoVwJDKyP6o7PT1s0I,2022-10-17
7vCz8K2qr4adELUmCvuGDg,2022-09-30
7vDAYnB1WJglClYMAidnD8,2002-01-01
7vDYJttCFTBAMwd1kHRTnn,2022-10-07
7vDaCNHW2KUUNZrxiYeRnD,2009-06-23
7vDduboyWaeEvzxulUMZaO,2018-06-01
7vDoJnjILA0pDLUTukwHGe,2018-05-08
7vE0JifxEUBQ91qaUDC6es,2020-06-20
7vEF7OrChbeZg7ZAXwnAZT,2010-09-28
7vEXd2YBNHeyeY9YOBB83K,2007-05-01
7vEo0WJ9v7eNZNSpdXNdCj,2022-10-19
7vEo4UOQYHJ2NBOH82HcfY,2009-09-15
7vExAJV1OEdd9mNkjaGPuO,2022-04-13
7vF1YyBRmpbfTqPuPJbi7j,2003-11-03
7vF3xkCMvZjAe2nTWY0uQZ,2019-03-29
7vF96I0HMD5K9Kegajopxm,1991-10-28
7vFDew7CG8VgJztv3dmgTd,1994-02-15
7vFpXVQA4kOGec8602Lb8I,2016-09-16
7vFv0yFGMJW3qVXbAd9BK9,2001-08-16
7vGuf3Y35N4wmASOKLUVVU,2017-08-11
7vHTQ2jmlgJrJLG4JuXIKe,2022-02-25
7vHlTuxe03BuGFj8qaCTYa,2014-07-09
7vHshinTU8161w69EPbabY,2015-10-23
7vHzOI0lrq6dXsHuQWpBpT,2018-08-23
7vI203OsjvK2FFsfDtBYOd,2022-10-21
7vIHaZfoZKwTIpyVOyrOAl,2013-07-03
7vIew2ZVzo2XVNXHxLHWkV,2021-01-27
7vJhZnFfHRgHArNOb2Y6pW,2018-06-29
7vK0T9CWtdPhNP8FMoPOiA,2016-02-05
7vKQrsNBq4wPQZKmFtv8PW,2021-05-05
7vKUZpHXiwMx3NvJyJC0MC,2020-12-11
7vKVZySSp3OWJGKSMJQNqW,2004
7vKeVoqz5NgKGd050SssBt,2020-03-14
7vKfym6hgeJxxyyVpiXBBX,2013
7vL6DS1LCjHXYCxV2IdZI8,2018-12-17
7vLIj2GVAeYrohv8p0JjF0,2018-01-19
7vMICBgMH80JfGFaGSi8Yp,1957-04-08
7vMQgbFRaKmYRZXHIJ8XVn,2020-11-20
7vMa1EWSLnbjSCcaniuZsL,2022-09-29
7vMu7nV5zDDn7yk353Stcn,2022-05-20
7vMyMbnyh7fgQ23vP8pZiJ,2016-11-04
7vNEDUsDuUZ4MOkrl3REj2,2022-10-21
7vNZvwQe1iKA7GriYVXasV,2014-05-30
7vNf4bAA3DqgTsvM0s0ecI,2016-12-28
7vNl93pqG0xXo4HE2jpj2S,2020-02-15
7vOEJ1uPiDgAVMnyFkXPi4,2017-05-20
7vOaQTisOngBrjYDMopzf8,2021-04-01
7vP1ftuN13Tq2j9gVlEm1l,2020-09-08
7vPES8Tc2x2d6qBrSYFKvf,2014-08-20
7vPaMOFsH5Rlg9rGwVlkBV,2017-08-01
7vPtqsDDVsMQabAtlkNmmj,2022-10-15
7vPy3CoFRUQnGfcMP3MwbO,2016-10-31
7vQS9xDSohpM2Y450RmPKH,2012-02-28
7vQVMorqtlcOD2vRqDTFgS,2021-08-19
7vQVO6KqrysaiEnQDbkGrV,2020-08-14
7vQW3Ml7G1AOpQhWHRz2Hh,2021-03-26
7vQYsdVQMbB8d8DSxtHSgr,2022-09-09
7vQpf3W7HaMeqjgYN1a6mu,2014-06-24
7vR8sGqVg5HMEOEvECdzlQ,2013-07-10
7vRNldKFJhwCyVRdrgVsvE,2003-01-14
7vS7GvFhyN6kzj409RJbuA,2001
7vSF7u4vWtZGrWCxTbAVaw,2019-11-27
7vSPkqSVZf1e2WKNuwUFYK,2020-07-31
7vSh7CaPK8CLqJpbrIf6oB,2016-04-21
7vT2iRW7l40p9fHnZHBkxy,2017-06-02
7vT532w78UN5p6SGXzfOSF,1999-01-01
7vTWDgT6kwl7efPEh0AkmD,2020-04-24
7vU308OLwga3urbN8aUPp6,2019-12-18
7vUU6vIdduXAN3BFw2VTQX,2012-07-17
7vUZEGiBy9oZ2LxRnIEbs8,2019-09-06
7vVcQ3qUJkHZ5pZrxZaOVa,2019-05-24
7vVgN04eLKRBb7MW7pfOT0,2022-01-10
7vVqv4EPyBjTuuE5ZtHJkK,2002-08-01
7vVsRUOFWmT0bNwo4AIJjx,2015-02-13
7vW5ibTBXgnkDSCcVHsao0,2015-09-23
7vWDTrEfPsNGn9a8QQoFTF,2003
7vWPSViNbtSG7iSpHhWVTO,2010-03-09
7vXGfJ5JwBD024709sydUm,1985-03-22
7vXHdiKN17VSQuADgeufuZ,2012-01-23
7vXR7bMvuo6uShUFo4q6sv,2022-10-21
7vXt87zAM7vIH0hf8djjEn,1967-10-23
7vYTDVIQfFagqYytqaOyTO,2015-11-23
7vYca4BGhViMAp5LoA0dEh,2022-10-21
7vYm9Te9s43U9gapRjFHZ4,2015-03-04
7vZqwaSk4sVcDyZbMcxS8N,2021-09-09
7vZz8oJ5qAqB9MghufRK5k,2013-06-14
7vaBsT6aerAj4aEVQWcTQi,2010-08-14
7vaQsmHELfRhLM49eIY2LZ,2022-10-17
7vav52wybfFAbnblqmj13P,2013-01-01
7vb1HJXTK7hR3ug25xtiuY,2014-03-21
7vbCfkJf89i4s745KbELgr,2016-03-04
7vbSDKLHWbpjqpWF9r3UUa,2021-04-16
7vbSwdXKiVcbhgdhZ9r3O4,2022-04-01
7vc0GwMQ3XlZHGYktErg5I,2022-10-17
7vc3BiTV8Yfilf9Q0HXxxO,2022-10-07
7vcDJCAO356RYkCfiUozmE,1990
7vcQl8nyhPd0yNEG1k1O4V,2003-10-19
7vcXWUS5ML6dJ3nkvSc9aR,2014-06-16
7vcbohXLkdTXK61AiemEX1,2022-10-08
7vcsHyOSrRgnFE5z9geman,2022-10-07
7vd1j4IDTU0koES9M8dvBQ,2003-10-23
7vg4ESJLw2k57MrAh4AsJF,2019-05-17
7vg5fesQdq5I7Z7XGdyJd5,2018-11-30
7vgC9TRbwaV3j11mzlMThw,2018-11-02
7vguMCv8uVuZLiQJ156u3Z,2017-07-07
7vhmrYJpwkKyPvJGNMSInL,2014-01-14
7viKJxrTrzfVsifsDpsBnj,2012-02-24
7vidktgNZFQylTgH1GEnMs,1977-03-08
7vinIXouhmjaiDtWyZwgu5,2019-09-06
7vjCv6z7D5aatX4ZqruLaf,2020-02-28
7vjJfAygsiIgs2WL2hyhKN,2017-01-13
7vjlcbRM2OYf3hWijV4edb,2022-10-21
7vjyx8lUJoHprAVpGWba2Y,2014-06-25
7vk5JMa1gTHvi1eJkbsMLE,2022-10-21
7vk7u7kaqw5A6BtkfoxQf3,2011-12-09
7vk9zUEjQgePrf5K3oB7iC,2022-10-21
7vkjZKo6RfBXrlRqYS48aN,2012-08-10
7vkyux3X8W2ufQ47YJv5z3,2006-05-12
7vlFZMyaxB7pQIguVG89GI,2020-10-31
7vlYvmd809C4rWDAWuJuK3,2002-07-13
7vlbM2JbatZv9k70YjNUiK,2018-04-01
7vlcIZXHj5hS99g7bNET9N,2016-08-12
7vm8skZK5IzINSCzkYeLTS,2015-10-09
7vnfvvXyRbqhZkQHXvwOtc,2022-10-07
7vo8QfzvAVOfqRHDBWLxIb,2015-07-14
7voJiEkIHuBZ7EKJC4EabO,2015-10-30
7voSun33hCNkIrjxaj3g47,2022-02-11
7vodwj1T4yf0xitWOg2fSA,2022-10-14
7vp89zcbYncoBCbX5HA3tZ,1976-09-08
7vpSOZu8wDFLKYt3USQs8K,2008-12-16
7vpVXGge6WJU1LQ62LaZy5,2010-06-22
7vpge1JrzRdxIVAeK6lP5n,2015-12-11
7vq5i7XNFT5TUBv6OttBpo,2021-02-12
7vqcDtNvoJn5pXhktc8qe8,2014-12-29
7vqjWNv79zZTYFAAfKHdkp,2016-02-23
7vqvgXQ94BBiTtfzf6w7Nh,2022-07-07
7vqxrGz0lS4p9eXK7LFi6U,2019-02-24
7vrHbwWSg3GutLqvpX0JQq,2014-10-27
7vrJn5hDSXRmdXoR30KgF1,2020-10-23
7vrLphPq4yjaX7jiDdd2Nc,2000-08-13
7vs3JM90lKhp11av83WA5j,2014-12-26
7vsGA3lCddar3VOGEAdgfi,2018-05-25
7vtaQe206vLuZSYDGz6grq,2012-07-31
7vu0JkJh0ldukEYbTVcqd0,2017-07-28
7vu53hQrIoH7UGeh6qcct1,2022-04-29
7vuYfz0siJY66fLEiDKnEh,2001-10-22
7vv8wSGmc8Qm8o1qrgTEq1,2022-10-07
7vvLztwcNaYuzJJtRF48fR,1997-06-05
7vvQrcQCfq7SB8mxO9CRHq,2022-10-07
7vvRkLPIvfjjmCIqNxBuEZ,1989-01-01
7vvmU5ayTrVWiNVxiwHLQI,2020-07-15
7vvqiqB4O7nPXWxiehIH9l,2020-10-06
7vvueB2jpNbhWCbwuh4DtE,2022-08-05
7vwMtVTXlukS6MpuQzAG7l,2022-02-04
7vwTvVDpsONocB0zr8ShtJ,2021-11-05
7vwg52XHT5biPFVGpr0RGs,1993-10-19
7vwhqiIfU8HqXhNgyy8ubR,2021-08-20
7vwrBZ68Puc9ZJaXRcnHRs,2011-09-30
7vwrhBF9Y3mTl8o4jfdMhS,1998-09-22
7vx5clc5lYcTToKin8PUN7,1994-03-01
7vyNpyHgzn7GzeGQfGx6sa,2022-09-07
7w09r53aPON8ZUvEAnPe94,2019-02-22
7w0FV6ViNDZFy9Mu90sQzl,2011-10-17
7w0Slb6gsL8dM2RmBCUUr5,2021-08-05
7w1RxkQtEwKYEoyQuaxfXW,2017-11-03
7w1taFiEu8GGQJkzQaEWpx,2022-08-29
7w3QSydKdulPt03i6dYueh,2022-10-07
7w3YZLWL8l11US6FMMLOGq,2000-01-01
7w3daSZKuzT1ANenzBkQFf,2001-11-16
7w4kFO2slzHCu1qEOMaPkl,2015-06-07
7w4xR9mgJdJ30h0NNRfgDg,2012-09-26
7w6PJe5KBPyvuRYxFkPssC,1991-09-17
7w6WIKkBbqyChqrFtrimtl,2019-11-01
7w6hhryYUd8U75m4whPw5w,2015-11-13
7w749aVZCoiZZwxhMLslw5,2017-02-21
7w7Eq6gzIfiqdIZaBjzPrm,2021-03-26
7w7FMIBOsVFxS3jMieSwIm,2022-01-28
7w7J0XC1vi5bsarWet98PV,1980-01-01
7w7e9BHRU87XLwyZsXTn5J,1999-01-01
7w7pSOBBRv4mWW3DpoPxhm,2022-10-07
7w87IxuO7BDcJ3YUqCyMTT,2011-05-23
7w8PssLb3yPar3EcnStos3,2022-10-21
7w9Pi6SUHwlx5fbfBaT4d3,2021-08-12
7w9SC5HTvh5kfhgAfQHOIK,2017-05-08
7w9YfF8mfQftxhm3JKcLlv,2022-10-20
7w9s71v9Q5ifH46apOqA07,2006-01-01
7wACRzpYcVRh1lIekudZVE,2022-10-14
7wADwBy4ci3knZE6OuGuh0,2012-12-03
7wAPKByejF2gAMm9PoWkXN,1998-01-01
7wBB0QYD0AYbhA0Nyjwxqy,2022-10-18
7wBChE1IqPBNbEEq3SGtnW,2021-10-08
7wBJfHzpfI3032CSD7CE2m,2018-08-03
7wBMSC2iKZovFk0IjcVIEy,2008-08-11
7wBSAv6Rq9fWk89qRJb3qT,2022-10-13
7wBTTEVjvMnaj8OC3zaNcm,1998-09-22
7wBZPN1VX5V1RaUK2v7TlE,2022-06-22
7wBlQLQ2qnwkKD1fgZBq5k,2019-04-26
7wBs0H1Ebr1h14Qqm43KiO,2013-01-01
7wC7c78HOp5C2tFTvRfnq0,2022-10-07
7wC9cG5EgruIiQe6Xt6SFm,2016-04-18
7wClHQJlSp23OJ4TEi10Dn,2013-01-05
7wCmS9TTVUcIhRalDYFgPy,1988-03-21
7wD6WAp1lowdxnvEfgyvNV,2021-04-23
7wDHnKKyw7GSw9ihEHTXm3,2022-05-12
7wDTDI7giGtVFqgNipVcAR,2021-02-26
7wDo3yDdE2pzHrhutOAPc1,2022-06-10
7wDoctvsIHSqGAYOKgNDN3,1989-01-01
7wEH0VPwRk4y0GWa6cxCDY,2014-04-11
7wEKVEEo4Vmn1qNvL7AZNf,2021-11-02
7wEKsPwXQABXr8udz6m9uD,2005-01-01
7wF1rQu3TJZLNxb6WKZvyk,2022-10-12
7wF4asYZw8cAHEljYd2Wid,2013-08-20
7wFL4hNlhotHNU6qZi9bHR,2010-01-29
7wFjkGbkPOlcsSPnECnnSX,1997-01-01
7wGSHzLVkc4oiRsIstfqV8,2022-10-12
7wGV3ZOCWelPNer7E36HLQ,2021-12-18
7wGgrUT28jd4ZFLAnhBXSI,2017
7wGl2tSsWNvhUIyIJXMSRL,2022-10-21
7wHZROg70tePLbPS75eTLz,2013-01-18
7wId87yNWH9OLB9sBBlnkN,2022-06-17
7wKuYBIJUQMqcZTlxvnNbU,2022-10-11
7wKwX3QFmx3icbH7iKVPe4,2016-08-20
7wL87unK7Vi96HM0I5vgB0,2001-10-18
7wLWXuTO2Mv8Qdfr6fnwmc,2022-08-26
7wM4KQklV780wgvQZtL9QT,2012-02-16
7wMLXhblVgMD1dKG4T0QQI,2021-12-31
7wMP6PIABArvsRwGJ1tfJz,2017-05-22
7wMq5n8mYSKlQIGECKUgTX,2012-09-10
7wMqrj2PNhfvKV3wlqluS2,2016-07-19
7wNeq4RKcnjjTbEF5K9qAR,2022-10-17
7wOWGkw4WdV2uSnr5hvy6E,2016-09-09
7wOWWIO2Nyo8u9cOtSSFAv,2000-08-01
7wP9WrSAnNgJqS48KRPyWs,2021-12-04
7wPG9nhX746x5qlnzjxl6J,2015-11-04
7wPL3S85RTonSxCtIfGjSY,1997-08-19
7wPOMpOTxqaf2eVefEQU5U,2017-08-25
7wPkE2yBgLCGVhrFk8yiaz,2014-12-19
7wPxQanDO7kUBQupioNPW4,2018-04-07
7wRmKBCJ8gupcDydBB0XVS,2020-06-26
7wS1QmUNph8AQFeWj22ufC,2021-06-04
7wSKakIRtYIYUZEy4wGcTk,2012-05-25
7wStk0361hcPEtJc4KbOPf,2021-05-07
7wT3TmTxAhF1gmbojLhnVd,2021-11-19
7wT6m9avYLg0kMk6LzTlvi,2011-04-05
7wTAn1GYgjjn9fv9cZNWI3,2022-10-21
7wTJ3ciKwjGcdENc5AOLZt,2021-08-20
7wTrROmo8E67iuUOoqxE0P,2019-08-09
7wUNPNuP8M48viidSJULBf,2004-12-10
7wUTyuyNTzkUlucrA7fSEF,2022-01-21
7wUl1XlYSgHegSQzW84dK6,2022-10-07
7wVptUzspNKB2nxDec73g1,2020-02-14
7wW9scVNLYFLsmBb1yAUmS,2013-11-08
7wWXKqpLayBT6dZkeiMSle,2022-10-14
7wWrh9TNJYmIicCg8fupuz,2010-06-29
7wYOj5QG9LBsiGc5Gi0cdS,2020-12-18
7wYTF36Qnjm5g3LfV3PHYM,2022-10-21
7wYbJEHoHnKdoQw7GcbjYe,2022-10-11
7wYeW1L0s2iGi2gHcxGJ6e,2021-08-06
7wYi5jb7kaQ4IEoSZP91Su,2022-10-18
7wZUrN8oemZfsEd1CGkbXE,2007
7wZc7nmPQIoJ4xTW0iJcAd,2019-03-01
7wZnt8sHhTMO8PA4o5Ah3n,2018-03-23
7waHYwOnXko0dPOrhe28vb,2022-01-13
7waYR8YS6xkYgcPdxaxJFT,2022-05-19
7wajPSWalT9lVVA9PX7ukU,2014-08-18
7was7Mxkjj3odhDicumkd6,2018-03-02
7wavprkU2TlcwtdQadwr3G,2021-10-05
7wbSp6u3cGj5GTN0lNxZ4X,2020-05-15
7wbsUkLn9G7XCNacIffldW,2019-12-13
7wcaieaDTtFMOdqHAjzcAZ,2022-10-21
7wcqsaVz5LadhwD12HtOu3,2021-08-20
7wcsvrfWegq6AKy0LWgegd,2012-11-05
7wdq1eTa9o0uKBkTOFOOsi,1987-02-19
7wduEoLSXYggQqimn5LEP0,2010-11-28
7wdwIaXUuzlu1grzWMFRJm,2022-09-12
7weHG0yOwtAcZ0qBhyODLF,2007-08-22
7weuZfLzuEUsHq5jvpP3im,2022-10-12
7wfG6wEX3kCA97l3gzZEjo,2005-07-20
7wgAcvymDlQucjmIYEm3Vz,2010-07-05
7wgKBMq7Mf8GuWrtTKFzzp,2022-10-21
7wgzG5AFCpAmU80Buk9i0j,1995-06-14
7whMmWEv7MovcqvrKDQyBZ,2022-10-21
7wi6xKpE95OcXF9SAqhD7x,2021-06-18
7wiGHwLlgMN1jGIqgbcS9P,2007
7wiULYwv85WeChygucbpTF,2020-10-09
7wkXDxQyx86qpvpxD6GZH5,2022-10-14
7wkgkIBYBH3xV2ob9Zmh87,2018-09-06
7wkn5YzIbYWtub1jgwp2D8,2019-05-17
7wknMXNNLVLq0qr5PkFEL8,1978-01-01
7wlDCYTcXbNYF9RsKN5lpp,2003-11-10
7wlMBq2mjXlqxSmonLSk2i,2020-01-24
7wljeP1NdDAwjU0WZSVN3f,2020-07-24
7wmIDMcXmL6K7kZsjBxRWL,1996-01-01
7wmIhVA7yo1GqVyvK0TQK3,2022-10-21
7wmZbJw1H2LQWfxRQ4EZA6,2022-04-01
7wmcqlUZHzJmX0RIBMNXQu,2018-04-11
7wn926m3ggycX1aPTbOsrh,2014-07-22
7wnQTnZe2Q0O0WdKmODS50,2022-10-19
7wnagOAqma4Sg6JOGjWr5R,1984
7wo8b4QxzOo4KEV6JeVbYX,2017-11-10
7woW97CfcWaKtuC6W5BP2K,1991-11-13
7woZ1EAGhKhDoLBNbYHzmM,2000-01-01
7woz8xW3kULiXEiSWemaUf,2013-02-04
7wpVbfZ5SnibLX4KELqxAf,2018-02-08
7wpllgGec4h1lr2rnBCgn1,2018-12-20
7wpltatdHI7ihw0czoMEOO,2006-04-22
7wpxUFLO2n6zKzIIQk6Dbd,2019-04-26
7wq9dxlN8HS91W4lIiwDlh,2017-05-26
7wqLWgZ0ieWkHEAtF1IoFn,2005
7wrYBASu0OoxoDErd4Edxd,2001-10-19
7wrfXKOdFAvufZTEkr0kvf,2020-10-07
7wrtrf168wAutJBMQHnoPM,2022-10-07
7wrzn0qwqIvhfsLAG5BimM,2016-02-26
7wt7fEnJpsu9IRMadfc8Xm,2022-10-21
7wtY653p01DiWaOfTk4bXH,2016-12-16
7wtg15QQ16mn4Hn1c1A8Wj,2003-05-13
7wu8kCBLnGmhIGGiT14yWr,2021-12-03
7wuJGgpTNzbUyn26IOY6rj,2009-03-26
7wvPoDq2sE2qvRE1Trramr,2022-10-08
7wwA5QBXfOkeYHzNbbVXtT,2017-05-19
7wwFeAgaC2pGqJaTuCVFAw,2022-08-12
7wwLxmUVLCfySaJ0fdyelI,2000-02-11
7wxeGWvf8HNuUeK4k06mOr,2018-07-22
7wzNovIu5urOjulGX4VzFo,2012-10-30
7wzpvaJQJ4zM4eV6xWxYTP,2021-10-29
7wzwYGQ4JQWYjJ30IjTeth,2004-01-01
7x06bqLJpC4XIV6ZUI4M0Q,2011-09-19
7x0a4QdO76GeTNQNMqHyHR,2022-01-25
7x0tjTUirA1ZdGTPNoPWZ9,2015-01-31
7x1oAHeqm6nQ45L4VaRPVY,1989
7x26tSOxDiyGzh8fF6etL2,2009-01-20
7x2It3MYN1QdytzgoLYGr5,1994-01-01
7x2cbbfBLsnGBBLRygwURV,2009-01-01
7x2rua8HcHsaJV5ib1BQbu,1985-07-25
7x2ub50ab3I6Ykk2ZoDFsM,2013-11-04
7x3EVCXx9KyrC3LKxOYrkY,2022-06-24
7x46YkKAwp3yZpaa72n5Mu,2012
7x485SFMkMiRR6DZNQe5wy,2019-11-30
7x4VM7FhrhLkSCSaKgqpaR,2016-03-13
7x4b0UccXSKBWxWmjcrG2T,2015-11-13
7x4bh40tbYvpN5Gp7fMyts,2005-08-22
7x4eOOA96rvWxPySPU08rb,2022-07-22
7x56g3SKfKeE4XRg9MsTyi,2008-11-06
7x5TjoSag3Q3EwLRyrlxrT,2019-02-16
7x5o38YV5qiAnYeOm8NwR7,2016-03-14
7x5xYW5W42OGPAdHUyyguy,2015-10-09
7x6WmmLi750YvutUqhwrs4,2021-02-05
7x7i3XBKSM4AoLoPymDuh9,2022-10-19
7x7nw216t57IaOKMu1ZeNE,2021-07-13
7x8dCjCr0x6x2lXKujYD34,2007-09-25
7x8eeMIQ7TRCa7p6HgkgNS,2018-12-07
7x8pIrhMu9FCmqqHNyuH0P,2019-11-08
7x97HGHJQwvgDkYOLbpsVF,1993-01-01
7xAVLrbnud6OrU6f4FmxDr,2015-07-22
7xAiAqrAdE6wyfUvwgMF1n,2018-04-13
7xAnK3cE81erl8ZTxJbYWq,2022-03-11
7xAwOqzZ65MGwU0AkSt2Q7,2009-04-01
7xAz33lBrzvBmqhew5szil,2008-05-13
7xBBsDK2JYbQNsg1nahTkX,2011-10-14
7xC0S1h29b9W9RwYwabiCl,2021-03-05
7xC32ciMAqOjs4yjAtXBWl,2003-03-07
7xCcUcMcGsIYGKUVgBZUw5,2015-04-14
7xCkfew2ouytn6sn3QDEvu,1994-03-12
7xD50fgMxpy8SFzyYiLntI,2020-05-30
7xFGC5RzvjuWwfSVJSNV8C,1996-01-01
7xFLjZhmTT8sLHJGqgoIpq,2014-03-25
7xHDfx5oK7fXUAhed7wGlA,1995-08-07
7xHG6LdShPMXeL5SllDprP,2020-09-21
7xICC4cuIDw6p8fMk4ltdo,2020-09-08
7xJEyMvEa3eeP1fN3E18PI,1996-09-07
7xJrhdABtvukh0KRAwHs2V,1980
7xK0LBgSUW1RBUHrzifjP3,2020-11-13
7xKRV9kvzEvok904DHM7Xv,2009-01-27
7xKo2iEKw0BNttPeDpWgN3,2019-02-01
7xLfz26gfcOPIe93h6Lxa6,2021-05-07
7xLhousIHDxoGgeJNhO4Ye,2014-01-13
7xMB5cVA1PFAXOLk50R9zJ,2013-01-01
7xMGONkvDHWb9X4asybGnf,2020-10-09
7xMO3gsf52QohpGmPzBZgt,2021-01-04
7xMxs0Olfv0KKeaXmBZHYH,2018-03-08
7xNAfLzAmOJ2jQctZ9NvsA,2020-02-28
7xNCacksfUkYXsXuSW4vNF,2022-02-23
7xNQMlboWKQvUzI1FxG6Cs,2014-02-07
7xNWu2pvePYO06KnvGiOfg,2009-06-29
7xNwoZ99JXuGD7DNOsJx70,2010-03-11
7xO7bS29oAzMcFI0rBj8Fy,2018-03-31
7xOCvDwHnRvSdLtPKbROSf,2012-04-23
7xP6bOzLxvfzovfPWEHXWs,2016-04-15
7xQMKG2omICY6LEAmJIfwk,2014-11-14
7xQg5QTx8eiQnsxEnfynPh,2021-05-21
7xR0jelBPdxj1oCGNYMkvq,2022-10-07
7xR6kALblNSNy7OGUrbNKY,1997
7xRKnvrXs2Xrz3nfbkPnP5,2021-01-08
7xRbBFmXl2qurYXDP1pldn,2022-03-11
7xRcEKFIokGE4CeeSV9u6h,2019-03-22
7xRsb56KyeYBAQynelcOlt,2010-09-10
7xRwsyxY0Hpk3zrIpSe54e,2022-04-15
7xTLXbF0nACwXPPC5VHviB,2020-10-23
7xU49FXvlibjAtjziA3lW8,2022-10-01
7xVLM4xNhJo57V5RoinJji,2018-06-22
7xW7SMTVqlfTJxoLowWXOx,2021-11-19
7xWMwZ1Ngly2cPKNc41JGg,2000
7xWgCUckC7bAQfrXGZ8l5e,2001-10-22
7xX6Czax0M4SELvdLDH7pf,2011
7xXUNbWepi09rzwW1Il61B,2022-05-24
7xXiQuSPJobG1vWe8BeZU5,2017-04-21
7xYQIaKukyk4FIVsQEaQjE,2022-10-21
7xZPwzLC24VRg5HyOBC28K,2016-05-13
7xa3f3Kb28JAWEUv4lfj9F,2019-04-10
7xadtLXXW3UvC3jA8V34Qv,2019-09-28
7xan7fT5Y0Sqhv6ZtOgB3r,2021-12-17
7xbBNB9bivza5vrYfnZJYg,2021-10-08
7xbWAw3LMgRMn4omR5yVn3,2020-05-15
7xc2mjpK157QRUiSA70EL9,2010-07-13
7xc93x2tOFa5bHfml5dAEB,1988-10-28
7xcLEBPMj4vLqoF13r2T3h,2013-03-29
7xcTzEFNkkfO5a60T93tdk,2021-02-14
7xcahxhSAdTv28H4DjrisY,2022-07-22
7xceseyyaE9PY2A0VbYxuZ,2022-03-11
7xcqbjV2NfxlnJzqdRuO7E,2013-09-10
7xcuZ6it2nDqVUh0B29znm,2019-11-11
7xdHQUxVj0aOAvUOGLCYj3,2011-06-12
7xdMHkLSF7zRRmml8BWunV,2011-08-09
7xe3EQCvXnx6Q0zs41Y65n,2013-05-10
7xe9vBhh7elaVAa2ZvuAYM,2022-10-11
7xeaZt4aUlJwikyaKtYYX7,2021-12-10
7xfHgo7hFniM8UxxOldfPC,2020-08-08
7xfSCgVOkQJhVxnqzepATH,2017-08-04
7xfsrMDsRXFXDJ202o4UJH,2022-10-12
7xfxErLZXui34OxxUthzjU,2022-09-27
7xg5qRVUAVKpaShA1hyF3D,2009-04-21
7xgGHigPZUBKc4neD74lpG,2022-10-07
7xgfSlAPUouBAquQZkAUdq,1998
7xghXOM3CaIK6wmR0xW1XS,2018-05-25
7xgx60Vd1M8dSCbrmW1u2x,1967-09-09
7xh3y75IRQp5pQoaIdbXuS,1994
7xhiWMe7NBTHgultplYXPz,1985-09-03
7xhydezh8mu7rqkMBbs1rb,2009-09-04
7xi3mpdF9tC1SLrbkossDu,2022-08-12
7xit8PRAE6x3fbZWFCY544,2014-10-06
7xiw42KTmCcqfZNCZqUcnF,2009-10-03
7xj2n1FdeULoyFrOWDPLDA,2022-10-21
7xjI0VdfXwb0ARZDxBCNmC,2004-12-01
7xkJE6IZaG4YAIrSdraqU2,2017-07-04
7xksh2SM8hEDJWJtXsRwzp,2022-08-19
7xlFARavMf70Hq3pgzA2nK,2015-11-13
7xlrdBdz8TGSo0COvLHymc,2019-03-15
7xm00X2IBPQD2QDDFxCGj1,2003-05-29
7xm1JUoPYhUKZ9tnBvaVZk,2011-07-25
7xmwLmkoWpghkq8jyEhtbx,2013-07-18
7xn7mJpuwRSdePLyBVGjcU,1989
7xnElMPFCmSlMJ0AY2hnxc,2021-08-17
7xnF1QUc2VaPkaGJbzqR7I,2018-09-07
7xnZ2xPq9cfjWreJnvyBPI,2022-09-02
7xniyiLqMqdrTd0EToNUOW,2022-10-17
7xo7UfZKxVxSFbQca88Cr7,2008-03-06
7xoDqnyrBDgusvQ1AHoOSx,2019-02-22
7xoOxf7w3IEgGjgxnUeIWR,2022-02-04
7xoUc6faLbCqZO6fQEYprd,2014-08-25
7xosrLdKPAsyfJYJh79Cle,2022-08-12
7xpMAw24R36H1eQrePAPNA,2015-11-27
7xpw5FSNYXKfdQSBuO0THv,1991-06-10
7xrLgNBENSWmiu6s8lYIQ8,2022-10-14
7xrosWOQbSHqhZWRXY69iS,2012-02-24
7xs1ksUAb2XswNWJjeyt7V,2015-09-03
7xsTR33qbp42AhwyBadv4c,2004-01-02
7xsirhcgFWOnItsGuBfrv9,2012-10-02
7xsld6L73TJgWzOAsVYRIl,2021-01-27
7xsnFEgiTGz6Zk4oSZ7Olx,2022-10-14
7xt1AuUbQBZC4yvxxm4nAI,2017-04-05
7xtCgX2WPACexmWCLwsXlW,2020-07-17
7xtWdf1rVjYjcU93sUvCq0,2002-03-04
7xtdHKc3EtCdWBibOxhSl6,2019-08-23
7xuB0Ef3XdgUgc0xQihUAT,2014-07-20
7xuswKr3R30Cm46LbkOsno,2022-06-10
7xuu4ByQkm8qhnwJQk994r,2001-07-30
7xwRFIxcKvJhYkKISwKOCL,2007
7xx2Ku5iifWgkc0w2By4TR,2018-06-02
7xxNWFNT7vm9IXZ7r1fjLB,2022-07-15
7xxR2kNv2unGhoIepbsvqm,2007-12-01
7xxgqdJBcLG33vo6KXqV6S,2009-09-28
7xxk2elVJN3IjhbV3T8Shz,2021-04-23
7xxqcMUWjFzVRnHEs3YpqZ,2017-12-22
7xy6iBI17hwVjGXF7vq5Ib,2022-10-07
7xyNRP0TvPg4uzcWLp42C6,2012-01-18
7xyX8iuETDhbaKRWXRjUcB,2020-02-28
7xyl9nogYJsmt7Wfu4GXFc,2000-02-14
7xzGRZmQNRYCUQ2c7XTiaq,2017-11-24
7xzHtMtHi6sdimkYCfPvbw,2015-04-21
7xzMrUmlooPa1Fmp88hlYc,1992-10-21
7xzxlk4jDDdwb2mDBRTSpZ,2007-03-21
7xzzBMB5gDlGFKMTUQvI5u,2021-06-04
7y06U9dmbU1d73cX0gjMCj,2019-03-13
7y0KCFFSd4s84LcqKWO5Q7,2020-05-14
7y0aQ62mgR5ASfA6HL6iwW,2020-05-31
7y0dIfW4iEaNjTOEvYQzlD,2022-10-07
7y1AjSFpMGXW5OCd4kFCuZ,2018-04-06
7y1At0wJ9E11vQvD93uG9c,2004-07-06
7y1EM4vFDgxpB3Rr4zKRzK,2022-07-15
7y1HozTqR9gU3Os4Ixkaix,2022-08-19
7y1W8vGjBqF7CsVCcN48c2,1939-02-11
7y2LdSannuZhlHK3eTOyly,2017-07-06
7y3MmRQ8IowzGMo18DD5oh,2007-01-01
7y3Tq8jgbCl2X1W0Ip39cz,1981-01-01
7y3XDondxEHWe9sANzYs9l,2000-09-04
7y3c1oJMY1CwwtOZ84Qovu,2022-02-18
7y3jmcF0MX0gTi6ihH2kpX,2022-06-23
7y3rsBxdzfmw1FZob7mL3l,2019-06-16
7y3sT5pTIzjjRcaE3sZyg2,2019-02-26
7y3ubYh0BR6wgISiALACWQ,2001-01-18
7y4XcoRcRDFnVltwFp2XAm,2020-08-02
7y4lXFXkTgsvI0by15sxxj,2017-07-19
7y4wECa98r7Q5asLVLpRPU,2022-06-24
7y5uK11sbFNiNEafUvntSL,2022-10-21
7y6L7s4EhI3CEPEqjGCgeU,2022-10-21
7y6pSKKMwCJ9jd0n1aKIF3,2013-06-28
7y6vnVnkRzcxUZMdoCaksh,2002-08-24
7y7A9sWYJQpPwKiJBwGZOd,2022-10-20
7y7W8abNjZdG9BCHIO4Saa,1989-07-04
7y8X0Z04gJCKtfrnSAMywJ,2012-04-23
7y8zTRFIaJmVLLBuwRyovA,2002-01-01
7y9B8KYMmegRYgY9NQyoOo,2013-05-17
7y9O8sJmuX7DvmyrR7h3PY,1970-08-31
7y9iMe8SOB6z3NoHE2OfXl,2017-06-02
7yAgvZD5J0ES2ykZtBgHqS,2020-02-04
7yAn76ARqTz6UAI8SkComl,2020-10-30
7yAy2gL2rtatS56jzkakhr,2021-06-01
7yB30K1P0zuzjgE3c4zpO4,2017-01-06
7yB4fKatOL8FU0mQqRImHU,2020-06-05
7yBcGJFP5bAMpAfToEm0dm,2015-04-27
7yC7FWZz24L43brXzNpLWT,2005
7yCP2A4xy9aqDvmofQCPEx,2017-07-26
7yCr4kSUMcc5uBekXOFaZU,2013-01-01
7yCy7oPvNzFt8mUw3TVswk,2022-10-21
7yDiH2ODGCSIr3SjdBPUAu,2018-12-17
7yDjFcO9qsgnSKD5Cpo6jg,2003-07-29
7yDrKl1J4VWNbR4aLU3qJ7,1982-10-13
7yEUGwjrdl20T9Yeh3ZBny,2013-06-02
7yEfhrMbfp8XNUrBFM7660,2021-04-23
7yEkBD9zVnXHCwhBlM3ffJ,2021-01-27
7yF0tjZPXO9x4v0M9U6VQy,2020-03-16
7yF19wC6msoj2cGUEtlm1S,2022-01-22
7yF4vHCCDfiYj012IlhgkG,2022-07-29
7yFhA2fUsL2oIMWlw5DaHQ,2019-03-08
7yFjT2BehN04qwTQtk9m6i,2012-01-01
7yGZnu1WmzRVgEnxC4BtGg,2022-10-20
7yGvieigLvB1EKj4Iojybf,2006-03-24
7yGylWTbj8YIslRvmJJOoI,2013-11-07
7yH2IZdPiUuEe6t8IVCmbf,2021-04-30
7yI7YDsXGrwUX8sFTXXnVV,2022-10-07
7yIlnsnvzTlOAK14ue9IkF,2009-03-23
7yIsvwkZuWuskQrbtVWfrN,2020-08-19
7yJCCeTLGA5kLdVtpGk8U2,2016-06-03
7yJG5oJwYfom8AVXDcgFLx,2020-06-16
7yLSvkBAxjw6RH9hflGVGN,1997-01-01
7yLqPKdXQVvFAfyHByAK1Q,2018-12-01
7yLysy4GtqecVYpC773q7g,1996-01-01
7yLzGp7vC3qg5FlBmUa8Rg,2003-02-11
7yMCljF3pdi6zn9Qz98L2m,2020-02-12
7yNvhnnFM1Q5RbPyT5HNDE,2011-01-01
7yOIaeHJ17V5ZUE8pRAd7b,2022-10-14
7yPZZUUB2tWIgV1tsoxI0c,2021-12-08
7yPgSFjZXob3B46xYrTQCf,2014-12-30
7yPlSebjS4TuhbRmLa2HgF,2022-03-25
7yQ5C3l947dyjWCxa19KCP,2015-07-25
7yQNqjXp9BAGAppPGkTbYf,1986-01-01
7yQnZkAxSiAavC0zFRB1NI,2022-08-10
7yRTHVRX5GqicqHK9yuJsu,2002-05-22
7yRfIESGCckunEuXMtn0bj,2004-02-20
7yRrWITiPlVJs5X9DhmNjl,2017-07-19
7yRxyBjERAuSfyhK6W0tDk,2022-07-28
7ySEGp46mhxSIwR6FqDcup,2015-12-15
7ySh3j4kcq2mtxfjshPJSG,1981-01-01
7yUMIsz2sdCw17EJz9O8z5,2016-09-16
7yURtJ9ZInIE8nwVj8vJSM,2006-10-03
7yUU5RdFpJGtqA2eitU9y2,1977-01-01
7yUqfPDLKsr6byAJg6mvOF,2015-11-15
7yUukIX492jvLR85xYQkvc,2013-01-01
7yVGa0eKMNhL6GKTF6TBdS,2022-10-12
7yVdE8ltZKzXTXwEcVILGZ,2021-06-28
7yWCMzvmYCtZLeapgm1DcD,2004-08-03
7yWCstlfqJwCYZFdycrFQe,2021-01-29
7yX640JvSOUtY6ANibkMwV,2019-07-05
7yXFGmdSHSVLEiuYz7zD40,2015-01-23
7yXSDXTyf7O67oMFnHSoV9,2014-03-18
7yXWYGtWcCPHgVZ5fyRVHT,2015-07-23
7yYASRJgqNvetMmhFmZLCA,2020-09-17
7yYcd2Fqa4E9sjOLPhnwpc,2022-10-20
7yYm7J1kvfMcn9GRwnBjmx,2022-10-18
7yaAq7FKFtjrndst1JTNoA,1984-03-30
7yaCciuyB1IhgMvLBE8Wa4,1993-09-21
7yaHIGNfsdw9OMKkT5URwF,2019-11-29
7yaUx6nYxqRNFb1TyXPXFd,2021-07-16
7yasMcAFN42BxmGycTY8sw,2019-05-23
7ybK1yagEye8Ayoa15TLNb,2017-04-18
7ybe3ieq75lhkV1SA5NrnJ,2016-04-01
7ycF9ruw3EKOxY2lgKN5Ks,2003-02-14
7ycFNferNuk6wAjBa0vWvl,1996-08-20
7ycK2uijskzxp4cGpGNoCi,2006-01-01
7ycM6zltS8OPhwJLY7jooI,2013-02-19
7ycWLEP1GsNjVvcjawXz3z,2018-05-25
7yclkSugYu8bceJb1RzQbu,2009-01-01
7ycz6sgZWp4wvF53BZVTjE,1999-01-01
7yd3GzvC8fxsk0m6hyEXGX,2011-08-30
7ydN6k1pLu6GRJsJpFXnYu,2017-05-19
7ydaic6O1E9pVrzQiXYDZt,2020-03-27
7yeEZHJuLCBP7VOmO25WsY,2017-07-02
7yepJkCplAsTR9djCqd81v,2015-03-09
7yesZrAOvMYmVVkEzSF13g,2001
7yfhESjiagb2x1WEWlgpbb,2017-12-16
7yfnNGWg10OgBjpGx1G2M7,2022-03-17
7yg0eWIj0VGxJXEZJryjXP,2022-07-15
7yg9468XEZe3XMOO8oTzL8,2010-10-30
7ygaeSuQR2Pn7ahgNUxslH,2022-10-14
7yglOIWHwpJHRsIfQPFvVc,2022-10-07
7yhN7C46ts8tAKHoNRrBL6,2021-11-10
7yhfEB96fPNbl2BbeyQHIo,2022-10-20
7yhvflcXyqw1pQgCSnelZ4,2010
7yi3uhXXumZJzwRiP38QMO,2021-01-29
7yieArGOFIdoGJv1V8hDr2,1998-01-16
7yiy2i0LoHczfHAyc3GYLy,2015-01-27
7yjwhdcLGhfLTYXPiXEABi,1975-11-06
7ykMS6DBrx2yVP6izrS2KR,2021-04-28
7ykUwTfJNMCpASAb5Ph7np,2003-06-02
7ykVHZCUX6nWLl6neiWXwZ,2005-09-01
7ykxRuzU1KhQC2TZ2YDEyK,2022-04-29
7ykxSoQm6XjECYgiu5GcPX,1971-01-01
7ym2hHVfs05JgbQpA5T5sM,2019-03-01
7ymG0YQtuSiSVJSBQ3E8jy,2021-01-04
7ymdNx2cNrYVcue5vDvXmF,2012-06-01
7yn0E97MoGLBaW8mqIwqNr,0000
7yoBjKO6cCnK3zV8gr1k4e,2015-07-17
7yoZBe2q8jE1jTisBirYnQ,2002-01-01
7yomSmHohUtooAkcmJTFsh,2022-10-06
7yopguXbVXyO8RtrVau2sy,2016-10-13
7yopp41Rp0Mb2of12tGRHv,2002-08-08
7ypmhSlU4LlfxNWTbQw8cC,2003
7ypnh8Z8cjXlCHalaSS0Sq,2007-02-13
7yq4Qj7cqayVTp3FF9CWbm,2014-09-08
7yqbhojjV25ijBnJZB99nE,1992-01-01
7yrTSn5vgSweMMifvK7q6S,2019-03-29
7yrUiuQjjDqeFjY4Ng10em,2021-12-10
7yriqF8s3ESXqwuDxUaleo,2003-11-01
7ysTaDy5AUKHNXHU7fFHpq,2017-12-13
7yss3y4G3zjtufzx8adHMb,2022-10-07
7ytbVby5rfR6JtS6LX9UDo,2022-10-14
7yv6Pixv2qKbnBl5AJHGew,2022-10-21
7yvIz3Y02CxYDOY7JczOqc,2022-02-25
7ywbfU4xi8TIBnzfAzLTTN,2007
7ywbvFsilDcWyGwZWGdxmK,2019-05-10
7ywdgAnrmLch04ifDirOI9,2015-03-07
7ywkgsA1ESYARdGqqbundd,2022-10-21
7yx7dh8cyKtdDby6iRG8aJ,2022-10-14
7yxASO577QGsx7NZ0MaCtf,2006-11-07
7yxwAEwY9LD120AcB4nGJx,2005-09-06
7yy3QgAa5unQuY2Ulpznbi,2021-04-09
7yyNaKHvH76G4tohz4cM7u,2019-05-27
7yzbimr8WVyAtBX3Eg6UL9,1984-12-11
7yzj3yH2wSMpRiyFGFCzy3,2020-01-24
7z0ZoL0KzHK0MWYvvXFUIM,2021-02-17
7z0oLWaOMoId5tAjr0d8Z4,2011-06-21
7z1CXrg9Gc6b3hJlFzRhco,2003-09-11
7z1XTc1Qd7wjfY5qK3pGNM,2021-11-24
7z1uUb32IxZvJ97Fk86igf,2022-10-19
7z227YTxYsWA6gmmLO6DFN,2016-08-12
7z24bSgjHm65R70Rghuin8,2021-11-19
7z24lughlSF6j1O99tyRSW,2022-10-15
7z2DKGAsPPdxOwTzMaVYD4,2022-08-05
7z2HklwFJmoqkSWpQaJu9S,2019-07-10
7z2M7DsEjZjwXBkWG3zd21,2007-05-02
7z2ci4dZdAPUgDb4bJVGqV,2001-09-19
7z2x5hVtobqzgrS7XDVSJ1,2022-01-03
7z35ELbZv0zResMSqwsoKa,2022-03-23
7z3BwLsC4vwonLw0vakMPy,2022-08-12
7z3Q4j4HJDSOZtbR5rbYdG,2018-11-09
7z3eWCgWfL3pXbElKfWE1z,2020-04-27
7z4NUyUwIUAGLewBrwRdHP,2022-08-19
7z4SmxVFUoMUJ9RjXjXsFA,2012-01-10
7z4VPtZm9g9dxC83ratUFM,2013-08-05
7z4wiulhGZJbseaGWOy9D4,2007
7z5G2LOdV8okZn4yWg3q5g,2022-03-03
7z5VsNMFFsAufyFUhC0UDo,2022-08-05
7z60LyZVJJXrE6YPJ39ioD,2022-05-20
7z6qHGEKxRtwtYym2epV7l,2021-04-27
7z73QkaTu6kkyq3KxF9oCJ,2020-11-27
7z84Fwf1R3Z2BwHCP620CI,2022-09-28
7z8XCViP5KT8O7HqoCsRTV,0000
7z8k6KAvjHX3RtkYNhIC9B,1984-03-13
7z8zdcW66DyZ931P6BjnX7,2022-08-26
7z99Cnl9s7zQUdDHGgkpL3,2007-01-01
7z9UGTOKk4iGOu9uKQiOd8,2018-02-15
7z9r5ZqzrXvSXByOb3kX28,2022-06-10
7zAga7m9usOmqYJ0ArrYct,2000-04-04
7zAt4tdL44D3VuzsvM0N8n,2007-10-26
7zBY3YjvcdkpbHIUx0fe5Q,1953-03-02
7zCdNmSncqbjNKQAyHxmuh,2022-10-07
7zCuUs0JXXPIH7GA8tWwii,2015-04-28
7zD3M5MSB3FlDVcu7djZPi,2003
7zD97mcPo9fng0aJqUhFvd,2021-01-08
7zDPJWUUU29wYDYnsastxA,1990
7zDzoMGQURPsfDsGOLookv,2001-01-15
7zEvaoS81Ta2d3D5p7zTgX,2022-10-19
7zFcSxrve4D7vHsXisHbzY,2015-04-22
7zFjD0CUKNtXBWBxZfRiNI,1991-09-10
7zGUftLI0F1OcJNwISGt72,2022-07-14
7zGxgHU7C52oBT7Xu88Ivf,2007-04-10
7zGyIkunvMO11FByE93lzZ,2017-09-08
7zHQkpC5hy5VSPZwdz17ND,2011-02-01
7zHnrqnWNZLBmLhLwj3i7c,2020-04-03
7zHrHnVSQwI95FGHewXDl8,2019-10-11
7zISvzfqD0Y3pT8ztOXOaS,2021-05-28
7zIWzMjIQGMqg0fal19JBo,2022-02-04
7zIghh6yq3ldfdwU0meLbu,2018-05-25
7zInAKPE6RyB3FL17JcLr3,2021-10-01
7zJ2VoTjvnOdhWh4jS06XF,2022-10-07
7zJ9QW6qw89mJAtzEDzzai,2022-10-18
7zJEM93vCjyjy51XRI9klu,2018-02-19
7zJg7aNCvTKW9EtG1Dvzkl,2015-10-22
7zKj4cpsxjGj9otlIAFCQI,2007-10-26
7zKweXON2KcgXizqUcu7lf,2011-10-25
7zLJawuzuYQDmzUen1unZv,1984
7zLMWb5soscdJNqMdk819t,2017-05-26
7zMJ0Pgmv9Jcx1skiTp3RV,2016-05-24
7zMUCLm1TN9o9JlLISztxO,1973-07-16
7zMyxcmjmDSKwRCcNeTBh3,2018-10-12
7zN2dKUAUu2gb3Ss6M62LZ,2020-10-31
7zNTRmTGbJlPnr81kBmcn1,2013-06-06
7zNfYofQ0mkPo6oj0jjRlb,2020-04-10
7zNmQPPOQwYqgxzfe4khfn,2016-08-19
7zNnFntwJVGbOffLoywXUk,2020-09-07
7zO8xgWtAGQpAKEG9n48Yb,2021-05-19
7zP20CANb26S52imHKKWEc,2019-11-07
7zP88D5LLxtm5HXfcLwuDO,2018-12-19
7zPds0jMIhjayTMhALd8FZ,2021-10-08
7zQAFi67wrHaFY7TZhZUKY,2004-01-01
7zQFM7bHcyMh4QQFdBkjrE,1980
7zQRmqVVUcCsq2kRJ8ZbCq,2021-05-14
7zQqLegPosxGECgeN0oRXG,2021-07-19
7zQs5RxMWQBVDTW9zl9CHu,2022-03-18
7zRip1Ey8ilxIT5aK0qSxg,2007-11-06
7zRmGvtSy36Jr19U5OInJT,2000-11-13
7zRqBB7eV9MAiIzCY29NXE,2022-10-17
7zT8FxjvIjRlQoRbR7Wtec,2022-10-14
7zTpZWlzYFkBfDLPXmIatU,2022-10-14
7zUSQpCMIWnoyFEZktrE6x,2020-07-31
7zUfqPm38dwq5HnKnRg71T,2022-10-21
7zUyeooUE7M4sl06eas3uE,1999
7zVCrzzEJU7u24sbJPXA5W,2016-12-02
7zVpVwxSOKdBIfua1bTyvC,2021-02-08
7zWMiyhsWULaasOszA2Ha7,2021-09-16
7zWPS8cNSxWgGz6U00OIyT,2022-10-14
7zWPlO8Mcjc5mQGf7v8dlE,2017-12-15
7zWYZS3MmS4YcqkQ02VnZc,2019-10-04
7zWjTNurzoewvg2puGRJPx,2017-10-20
7zXW8qC4ZFmA542eEHppke,2022-07-01
7zXrnBtUmzCbfsHMCHkqXP,1970-01-01
7zY46aSULMG2pDG2fMlaI7,2005-12-13
7zYi5bqK1WTiCydsAnhhku,2013
7zYz4RC4yyNzAvlI2vomAg,2020-02-14
7zZON8d3Er93T7hDHrDao6,1996
7zZa2WYKHrPJMzfhXgp4P2,2020-03-23
7zZl0xcrbYe7wFzhLTCn7E,1993-04-12
7zZsi7kpplYLn7q7K6qQUu,2021-08-27
7zaCbVsVwJWaTcjnMzbXLL,2022-10-07
7zaaRwq2t9Q4Iev542kjpX,2021-03-01
7zbAkNH3VPpgQlUVA60Dzn,2021-12-31
7zbBGmOT8yi0Uy27F8yo6X,2006-08-01
7zbNyCtgNRmJ1BdiaMsqEy,2022-09-16
7zbrBrFBWAZ5ruwda1EwgS,2020-09-11
7zbtix2Ecr3kiErvs0DcIK,2016-06-22
7zcWGMspcEFCPAGqCW5i7A,2018-04-20
7zcbD87VO3GVZJWactfQJf,2022-10-20
7zdAEfrLjQcxNXKZEc5qjy,2022-06-02
7zdAa8Jb4ej2ZSrS4w4ckA,2012-02-13
7ze8MSZXvWZCH5LQ9BmvyI,2010-11-24
7zeHGocoHM0CHhLelRWDzL,1998-08-25
7zep4BfQRkfASc8qhX0cct,2018-12-25
7zf1C9xuKpqCvf4jaY5zsE,2000-07-12
7zgIdPmFuTRPj7MsAKV0lH,2021-06-18
7zgVP6i47KC2HfKroljecW,2022-04-13
7zghUphvkHNEB7XvgxhOFG,2020-12-14
7zgnMl3u0AJB8C0mN4GRfQ,2017-12-21
7zh0hnvTgbmlMdmmkbRSrQ,2012-11-19
7zhGGe03gWqlrZgE2n8qEf,2022-10-07
7zhT90M07NLqJb2MsaqWhM,2019-09-27
7zhsL7lBdFRpJl4RssyLpK,2022-10-19
7zhzvOsGkawjS73IBV4kUF,2011-05-10
7zifvGo02NwK9XYUFiWYsj,2022-10-12
7zitDeJhVuyQY8ZELmfCSa,2022-10-19
7zjYX6OVJbsOE1Hk8YnagY,2022-10-18
7zjfRgoJpaGbWNoJkITe4g,2022-10-12
7zk30nOIKq22B8KepYdQyW,2016-07-01
7zkHPlyBhoJXiR56Y8jJr0,2015-01-20
7zkLpY72g6lKQbiHDqri1S,2004-01-01
7zkcgtcVShugv4eKTknK4F,2022-10-19
7zkgAyL3DS6PE5FWzk3QKM,2017-12-22
7zlGyAsvNMOdhTU068f79f,2018-03-20
7zlK8TmarCoB5UIY8aR0y6,2022-10-14
7zm61qi1xfHMVxdqrtXbQv,2016-03-02
7zmPsoHcthoaniuGP80vgG,2001-11-16
7zmbtfKgZMTQ1GlqBno5T5,2016-05-27
7znAjItIP7xKKhyFzF5W1B,2010-03-12
7znOiQvrH4BlKqL7asr54l,2020-01-24
7znTv1dVAVSb1nToncfCmF,1988
7znniOrVgnRjxIfwHjA9m6,2022-10-21
7znoPLEFkoV16HW4qTSmXz,2009-04-06
7zo05whm8LBnnt1dG979ov,2022-10-14
7zo6hLIhyY7zGCR0sWKvth,2022-10-21
7zoXIUi6AUiPN0QpyF29qy,1996-01-26
7zpRTV0aygJOJZCZVSnUpv,2013-01-01
7zph1Irpw39AuLNCPe5JIc,2020-03-24
7zpji3CeYShhfemfiE2xMC,2011-08-29
7zqF7owVpOCqpCd51iYyUJ,2021-12-07
7zqdIo8k7YXvr0GNJN1xQT,2014-10-01
7zqjFQqv1FEAv8nlEYLVoR,2021-08-19
7zr6d9QDDmpo0w0N5LPBjs,1997-06-07
7zrpoAJte9o12TzawqgdD0,1995-01-01
7zrxUrilLtTk4XnT5G7zF8,2022-10-18
7zsOPNx7y9RQjk8Dj1MLgM,2020-07-24
7zscdQe9CjzXnqT3P1Ey7K,1979-07-27
7zsw78LtXUD7JfEwH64HK2,2006-01-01
7zt1ItwlfYfNVZTCApNlls,1984-06-04
7ztCi9k76A4QmSqWEutFyV,2017-06-21
7ztSVy67w9rXpKg5L2zN5l,2019-01-08
7ztesPnVwqssLMsXlmbvwG,2017-03-10
7ztnHRxtI7ZoozdxdBXXtf,2008-01-01
7ztong0bsAceGEoD3GsZ9f,2021-07-10
7zuRphSG633kVAgopDVdHY,2022-07-01
7zuXFwL74ARL4m44jO3sWl,2021-12-24
7zubR9uYAWjb5KPZTMm85e,2022-10-21
7zumacGldlmxpoP8bpaeLe,1992-01-01
7zuuWZo0MyOdG3VHg1Mgml,2015-05-11
7zv2vmZq8OjS54BxFzI2wM,2008-12-06
7zvGj5jjRIBRqT82crTMVf,2021-06-25
7zvKFw17XyoBUx9mHiwzPy,2017-01-04
7zw9dCl3DhKyakaZFfjY5k,1996-01-01
7zwWkmiQaVt3AFXUnhBlZk,2017-12-15
7zwddyEol0Hg5K8HQd3srX,2021-11-05
7zwn1eykZtZ5LODrf7c0tS,2018-11-02
7zx2Nb2BTMOFelkvb4nNPB,2017-03-24
7zxFX9HgoVVMDsJbis57C6,2019-02-15
7zxHiMmVLt4LGWpOMqOpUh,2014-05-12
7zxpdh3EqMq2JCkOI0EqcG,2021-07-15
7zyYmIdjqqiX6kLryb7QBx,2014-12-19
7zybSU9tFO9HNlwmGF7stc,2021-11-26
7zz7iNGIWhmfFE7zlXkMma,1996-01-01
